{
"type": "FeatureCollection",
"name": "remal_wind_segments",
"crs": { "type": "name", "properties": { "name": "urn:ogc:def:crs:OGC:1.3:CRS84" } },
"features": [
{ "type": "Feature", "properties": { "storm_name": "REMAL", "segment_id": 1, "time_start": "2024-05-23 12:00:00", "time_end": "2024-05-23 15:00:00", "wind_kts": 15.0, "pressure_mb": 999.5, "core_radius_km": 0.0, "moderate_radius_km": 0.0, "outer_radius_km": 0.0 }, "geometry": { "type": "Polygon", "coordinates": [ [ [ 87.115847015783004, 14.061088986784718 ], [ 87.185406750955877, 14.080276781771024 ], [ 87.23964676470338, 14.076646051247231 ], [ 87.290464528913091, 14.057791734989877 ], [ 87.345411438928465, 14.011957123658442 ], [ 87.372413184723698, 13.965902387185061 ], [ 87.385081513526231, 13.896436652520579 ], [ 87.369574861722512, 13.827522842551788 ], [ 87.328275245312796, 13.769647167286022 ], [ 87.284037848604399, 13.738881491401479 ], [ 86.667816093147778, 13.431771024202932 ], [ 86.61500789453811, 13.419754185531959 ], [ 86.56091051357366, 13.423248877456532 ], [ 86.510172795981163, 13.441954478969437 ], [ 86.467156461573865, 13.474262986030325 ], [ 86.428074320138734, 13.533559848198161 ], [ 86.415144754326136, 13.602976153388841 ], [ 86.430357521819843, 13.671948665864161 ], [ 86.471418322459854, 13.729973140178554 ], [ 86.515546673735628, 13.760883706925242 ], [ 87.115847015783004, 14.061088986784718 ] ] ] } },
{ "type": "Feature", "properties": { "storm_name": "REMAL", "segment_id": 2, "time_start": "2024-05-23 15:00:00", "time_end": "2024-05-23 18:00:00", "wind_kts": 15.0, "pressure_mb": 998.5, "core_radius_km": 0.0, "moderate_radius_km": 0.0, "outer_radius_km": 0.0 }, "geometry": { "type": "Polygon", "coordinates": [ [ [ 87.582536935008875, 14.439947094235761 ], [ 87.646437520402813, 14.473120578949526 ], [ 87.71850930592953, 14.479918633529836 ], [ 87.787755255485095, 14.459305079056039 ], [ 87.831418009724743, 14.427601353553628 ], [ 87.863744379198792, 14.384906500945506 ], [ 87.884579419910594, 14.317343474372683 ], [ 87.877309588490945, 14.247149896967459 ], [ 87.85393396037945, 14.199236445485395 ], [ 87.817319136456177, 14.159999956091518 ], [ 87.302853659458918, 13.749662324799159 ], [ 87.253781644695323, 13.726964618913794 ], [ 87.200087643945039, 13.719158307833398 ], [ 87.146385863848863, 13.726914395967466 ], [ 87.097291259029831, 13.749566464942051 ], [ 87.046192363514976, 13.799410607555354 ], [ 87.018480735617615, 13.864568964880737 ], [ 87.018391912213659, 13.935129733211555 ], [ 87.045963254355172, 14.000350648616408 ], [ 87.082423404225139, 14.039709322211095 ], [ 87.582536935008875, 14.439947094235761 ] ] ] } },
{ "type": "Feature", "properties": { "storm_name": "REMAL", "segment_id": 3, "time_start": "2024-05-23 18:00:00", "time_end": "2024-05-23 21:00:00", "wind_kts": 16.5, "pressure_mb": 997.5, "core_radius_km": 0.0, "moderate_radius_km": 0.0, "outer_radius_km": 0.0 }, "geometry": { "type": "Polygon", "coordinates": [ [ [ 88.082221824679777, 14.839830341184367 ], [ 88.146202784453777, 14.873049185376281 ], [ 88.200170715045743, 14.880790484201363 ], [ 88.271289872861857, 14.866952245250424 ], [ 88.331530154890089, 14.827681778544003 ], [ 88.371712769491893, 14.768969867348554 ], [ 88.384869048879892, 14.717486311424892 ], [ 88.382102499178984, 14.664502895978961 ], [ 88.354271744614849, 14.599378086757772 ], [ 88.31763064603274, 14.560119594332946 ], [ 87.803170526369229, 14.149773385118689 ], [ 87.754039932612216, 14.127032303885787 ], [ 87.700264940878625, 14.11917615191874 ], [ 87.646466316017083, 14.126880508679795 ], [ 87.597267133310709, 14.14948378184226 ], [ 87.546032462894402, 14.19927516447734 ], [ 87.518208872880038, 14.264402331403382 ], [ 87.51805002735621, 14.334957923025502 ], [ 87.545604708360628, 14.400199686864367 ], [ 87.582089259152099, 14.439588809749692 ], [ 88.082221824679777, 14.839830341184367 ] ] ] } },
{ "type": "Feature", "properties": { "storm_name": "REMAL", "segment_id": 4, "time_start": "2024-05-23 21:00:00", "time_end": "2024-05-24 00:00:00", "wind_kts": 21.5, "pressure_mb": 996.5, "core_radius_km": 0.0, "moderate_radius_km": 0.0, "outer_radius_km": 0.0 }, "geometry": { "type": "Polygon", "coordinates": [ [ [ 88.453107335720318, 15.311076561146997 ], [ 88.508087170781906, 15.357204110045613 ], [ 88.577088045230425, 15.379381508329949 ], [ 88.649582261994638, 15.37422677158297 ], [ 88.69956213341105, 15.352741578800272 ], [ 88.752190659820613, 15.304112562784198 ], [ 88.776749459646837, 15.256731721220897 ], [ 88.785624151439876, 15.186739239792701 ], [ 88.773649363978507, 15.134989910872793 ], [ 88.746734933742786, 15.088841439876914 ], [ 88.334780534519226, 14.575647495333135 ], [ 88.291912402683892, 14.542915966455068 ], [ 88.241144355077807, 14.52370323321877 ], [ 88.186839793234967, 14.5196610285518 ], [ 88.133664439644193, 14.531137517756365 ], [ 88.072356026223702, 14.568693373421713 ], [ 88.030447309651791, 14.626235180764887 ], [ 88.014328385592563, 14.695013434443082 ], [ 88.026476676382472, 14.764561000406994 ], [ 88.05319799172679, 14.810812169801709 ], [ 88.453107335720318, 15.311076561146997 ] ] ] } },
{ "type": "Feature", "properties": { "storm_name": "REMAL", "segment_id": 5, "time_start": "2024-05-24 00:00:00", "time_end": "2024-05-24 03:00:00", "wind_kts": 25.0, "pressure_mb": 995.5, "core_radius_km": 0.0, "moderate_radius_km": 0.0, "outer_radius_km": 200.0 }, "geometry": { "type": "Polygon", "coordinates": [ [ [ 87.853865602382996, 16.928573442203557 ], [ 88.004701894272557, 17.030561831266244 ], [ 88.165348358341404, 17.117699975674501 ], [ 88.334228764318851, 17.189127528717144 ], [ 88.509678734391869, 17.244139173217569 ], [ 88.689963361814279, 17.282192334676854 ], [ 88.873295895277664, 17.302913112309401 ], [ 89.057857211973527, 17.306100324546275 ], [ 89.241815775463152, 17.291727598720552 ], [ 89.42334775779787, 17.259943470989729 ], [ 89.600656999960208, 17.211069500482541 ], [ 89.771994491029545, 17.145596439435714 ], [ 89.935677064113591, 17.06417853696508 ], [ 90.090105034869396, 16.967626086488224 ], [ 90.233778544541366, 16.856896354337081 ], [ 90.365312411560197, 16.73308304878503 ], [ 90.483449341279709, 16.597404504002416 ], [ 90.587071389721814, 16.451190762235765 ], [ 90.675209621744628, 16.295869740098375 ], [ 90.747051944678759, 16.132952661966787 ], [ 90.801949133498695, 15.964018936098544 ], [ 90.839419091888217, 15.790700638428023 ], [ 90.859149414594384, 15.614666756351236 ], [ 90.860998330298585, 15.437607331458945 ], [ 90.844994111433536, 15.261217627283107 ], [ 90.811333038924232, 15.087182436652746 ], [ 90.760376007011914, 14.917160633921529 ], [ 90.692643847577258, 14.752770070547228 ], [ 90.608811446202637, 14.595572908382007 ], [ 90.509700715009316, 14.447061483388959 ], [ 90.396272481302177, 14.308644792889766 ], [ 90.269617347221583, 14.181635701217303 ], [ 90.130945574590186, 14.067238960998447 ], [ 89.732616639781014, 13.768989811527 ], [ 89.58358752121535, 13.667975524690471 ], [ 89.425255483268046, 13.58160863187125 ], [ 89.259118669759815, 13.510710190356306 ], [ 89.086746102986766, 13.455955190998829 ], [ 88.909763638062273, 13.417866124763011 ], [ 88.729839403737003, 13.39680793733489 ], [ 88.548668845631141, 13.392984437685827 ], [ 88.367959497154729, 13.406436210693835 ], [ 88.189415610320069, 13.437040066011875 ], [ 88.014722782616701, 13.484510036061316 ], [ 87.845532716839017, 13.548399916170808 ], [ 87.683448248246634, 13.628107320359414 ], [ 87.530008767998098, 13.722879207918034 ], [ 87.386676163995304, 13.83181881950045 ], [ 87.254821390875748, 13.953893947441776 ], [ 87.135711770789243, 14.087946453802564 ], [ 87.030499116728976, 14.232702941267979 ], [ 86.94020876143874, 14.386786476339694 ], [ 86.86572956802398, 14.548729260841975 ], [ 86.807804993867663, 14.716986146031728 ], [ 86.767025277518499, 14.889948882836254 ], [ 86.743820818775646, 15.065961001164611 ], [ 86.738456824796188, 15.243333210088872 ], [ 86.751029298928486, 15.420359208308207 ], [ 86.781462453071342, 15.595331790196198 ], [ 86.829507627407907, 15.766559126620988 ], [ 86.894743801984774, 15.932381091621858 ], [ 86.976579781413534, 16.09118549621628 ], [ 87.074258125714721, 16.241424079679764 ], [ 87.186860885999735, 16.381628097428081 ], [ 87.313317182688053, 16.510423334183216 ], [ 87.45241263615128, 16.626544362597137 ], [ 87.853865602382996, 16.928573442203557 ] ] ] } },
{ "type": "Feature", "properties": { "storm_name": "REMAL", "segment_id": 6, "time_start": "2024-05-24 03:00:00", "time_end": "2024-05-24 06:00:00", "wind_kts": 25.0, "pressure_mb": 994.5, "core_radius_km": 0.0, "moderate_radius_km": 0.0, "outer_radius_km": 200.0 }, "geometry": { "type": "Polygon", "coordinates": [ [ [ 87.782088420593553, 16.958535471246428 ], [ 87.896818080413681, 17.097418672642018 ], [ 88.025319679395096, 17.224727432321064 ], [ 88.16635603338581, 17.339209465336779 ], [ 88.318558238458067, 17.439736583133399 ], [ 88.480439057076737, 17.525316772895053 ], [ 88.650407970042252, 17.595104926967966 ], [ 88.826787730810395, 17.648412051066476 ], [ 89.007832213794259, 17.68471279791282 ], [ 89.191745307124975, 17.703651197013372 ], [ 89.376700565667335, 17.705044480800996 ], [ 89.560861314129994, 17.688884941319351 ], [ 89.742400874640964, 17.655339788588151 ], [ 89.919522589268766, 17.604749020117939 ], [ 90.090479315962639, 17.53762134896834 ], [ 90.253592095754158, 17.454628273513617 ], [ 90.407267718534385, 17.356596404097974 ], [ 90.550014952369253, 17.244498188715138 ], [ 90.680459244744441, 17.119441200789911 ], [ 90.797355750678946, 16.982656166566347 ], [ 90.89960058962123, 16.835483917462792 ], [ 90.98624027792583, 16.679361454415243 ], [ 91.056479324352296, 16.515807307452249 ], [ 91.109686010779029, 16.346406365571294 ], [ 91.145396408114522, 16.172794340655308 ], [ 91.163316697755306, 15.996642015992879 ], [ 91.163323882004136, 15.819639416233882 ], [ 91.145464973253723, 15.643480022483844 ], [ 91.109954752497686, 15.469845144669403 ], [ 91.057172184175471, 15.300388553982593 ], [ 90.987655567966797, 15.13672147152548 ], [ 90.902096500428428, 14.980398005311166 ], [ 90.801332711722267, 14.832901126323497 ], [ 90.500766688583383, 14.435103425576262 ], [ 90.386191016503361, 14.29759008488948 ], [ 90.258485029666915, 14.171589193699843 ], [ 90.118868490809319, 14.058295967324554 ], [ 89.968668828111731, 13.958785566642746 ], [ 89.809309176071721, 13.874003138683152 ], [ 89.642295635132101, 13.804754979725237 ], [ 89.469203830554719, 13.751700916162111 ], [ 89.291664862464202, 13.71534799160462 ], [ 89.111350750678568, 13.696045538787812 ], [ 88.929959488913198, 13.693981701873948 ], [ 88.74919983227808, 13.709181459080341 ], [ 88.570775948928485, 13.741506177765366 ], [ 88.396372070736561, 13.790654714922763 ], [ 88.227637278662783, 13.856166056307639 ], [ 88.066170556141643, 13.937423468024745 ], [ 87.913506238573348, 14.033660116181229 ], [ 87.771099979497023, 14.14396609385572 ], [ 87.640315344978418, 14.267296780697265 ], [ 87.52241113806484, 14.402482449253142 ], [ 87.418529545761089, 14.548239023698006 ], [ 87.329685192726075, 14.703179890816713 ], [ 87.256755179488593, 14.865828659470951 ], [ 87.20047017891558, 15.03463276276538 ], [ 87.161406663125092, 15.2079777960085 ], [ 87.139980333883599, 15.384202482570258 ], [ 87.136440832278822, 15.561614158132084 ], [ 87.150867807316089, 15.738504660965837 ], [ 87.183168426963164, 15.913166511300732 ], [ 87.233076417784943, 16.083909256306065 ], [ 87.30015271927482, 16.249075848769635 ], [ 87.383787834930175, 16.407058917515318 ], [ 87.483205952806699, 16.556316776591846 ], [ 87.782088420593553, 16.958535471246428 ] ] ] } },
{ "type": "Feature", "properties": { "storm_name": "REMAL", "segment_id": 7, "time_start": "2024-05-24 06:00:00", "time_end": "2024-05-24 09:00:00", "wind_kts": 25.0, "pressure_mb": 994.0, "core_radius_km": 0.0, "moderate_radius_km": 0.0, "outer_radius_km": 200.0 }, "geometry": { "type": "Polygon", "coordinates": [ [ [ 87.710647923880671, 16.880958150453484 ], [ 87.797738528506969, 17.03731593089886 ], [ 87.900494574557086, 17.184648533356295 ], [ 88.017945706752542, 17.321512396345579 ], [ 88.148969818586977, 17.44656328516291 ], [ 88.292303158254697, 17.55857036891781 ], [ 88.446552288768373, 17.656429282333423 ], [ 88.610207821526274, 17.739173983762829 ], [ 88.781659796911882, 17.805987227600653 ], [ 88.959214538983517, 17.85620948217251 ], [ 89.141112766515548, 17.889346143419001 ], [ 89.325548702268406, 17.905072919973453 ], [ 89.51068988894589, 17.903239295837018 ], [ 89.694697396059226, 17.883870011648764 ], [ 89.875746088516195, 17.847164543064487 ], [ 90.052044626143982, 17.79349459330604 ], [ 90.221854873687434, 17.723399654734436 ], [ 90.383510422435918, 17.637580729596358 ], [ 90.5354339560987, 17.536892331335384 ], [ 90.676153232824689, 17.422332913791028 ], [ 90.804315499861872, 17.295033895363613 ], [ 90.918700204568154, 17.156247458378925 ], [ 91.018229912622587, 17.007333310473591 ], [ 91.101979388862418, 16.849744595298873 ], [ 91.169182836109258, 16.685013135027216 ], [ 91.219239321084771, 16.514734178139452 ], [ 91.251716443095702, 16.340550814036693 ], [ 91.266352320235001, 16.164138202485073 ], [ 91.263055979627396, 15.98718775203989 ], [ 91.241906243460917, 15.811391368541878 ], [ 91.20314920230031, 15.638425883445983 ], [ 91.147194362842427, 15.469937762772506 ], [ 91.074609550346779, 15.307528191198465 ], [ 90.973678543878492, 15.108514535484131 ], [ 90.885367126858526, 14.953645473023895 ], [ 90.782013644782552, 14.807856686074034 ], [ 90.664617173097682, 14.67253033496706 ], [ 90.534303716800864, 14.548949222522779 ], [ 90.392315848847332, 14.438285098420902 ], [ 90.240001456864888, 14.341587898432868 ], [ 90.078801660078511, 14.259776017550855 ], [ 89.910237966631954, 14.193627714734053 ], [ 89.735898751755016, 14.143773743022043 ], [ 89.557425148604722, 14.110691291771728 ], [ 89.376496455142728, 14.09469931763482 ], [ 89.194815171133087, 14.095955327741594 ], [ 89.014091788362649, 14.114453662772739 ], [ 88.836029463780406, 14.150025309778027 ], [ 88.662308708921998, 14.202339255490433 ], [ 88.494572229512684, 14.270905371334928 ], [ 88.334410046590705, 14.355078802209063 ], [ 88.183345025214862, 14.45406581322805 ], [ 88.042818929408227, 14.566931032663783 ], [ 87.914179113223838, 14.692606015763346 ], [ 87.798665948582865, 14.829899043279717 ], [ 87.697401081735478, 14.977506060412285 ], [ 87.611376602653806, 15.13402265621931 ], [ 87.541445206049744, 15.297956979994686 ], [ 87.48831141943765, 15.467743488989271 ], [ 87.452523972856611, 15.641757420484412 ], [ 87.434469386318682, 15.818329879835554 ], [ 87.434366854208591, 15.995763433978947 ], [ 87.452264509858438, 16.172348096432309 ], [ 87.488037157227396, 16.346377584602745 ], [ 87.541385558709294, 16.516165723064237 ], [ 87.611837367171688, 16.680062857481243 ], [ 87.710647923880671, 16.880958150453484 ] ] ] } },
{ "type": "Feature", "properties": { "storm_name": "REMAL", "segment_id": 8, "time_start": "2024-05-24 09:00:00", "time_end": "2024-05-24 12:00:00", "wind_kts": 25.0, "pressure_mb": 993.5, "core_radius_km": 0.0, "moderate_radius_km": 0.0, "outer_radius_km": 200.0 }, "geometry": { "type": "Polygon", "coordinates": [ [ [ 88.018880794108185, 17.37373570963786 ], [ 88.125449056999543, 17.51865557060249 ], [ 88.246481050689866, 17.652770110269657 ], [ 88.380817200077416, 17.774760846362927 ], [ 88.527158558745455, 17.883426079701636 ], [ 88.684079254429861, 17.977693702256076 ], [ 88.850040693980034, 18.056632750892383 ], [ 89.023407388471284, 18.119463526792281 ], [ 89.202464212282663, 18.165566115221111 ], [ 89.385434865565145, 18.19448716133936 ], [ 89.570501270290364, 18.205944784707885 ], [ 89.755823598507945, 18.199831547180448 ], [ 89.939560609662507, 18.17621542477147 ], [ 90.119889963333492, 18.135338772284985 ], [ 90.295028175326536, 18.077615308249587 ], [ 90.463249898598491, 18.003625185222923 ], [ 90.622906235158993, 17.914108245089697 ], [ 90.77244181924172, 17.809955589078957 ], [ 90.910410453468202, 17.692199616698733 ], [ 91.035489125840783, 17.562002705870231 ], [ 91.146490283440272, 17.420644717933097 ], [ 91.242372285972792, 17.269509516036571 ], [ 91.322248006388861, 17.110070684291728 ], [ 91.38539158470634, 16.943876628848567 ], [ 91.431243373479248, 16.772535231937802 ], [ 91.459413138253538, 16.597698217185087 ], [ 91.469681593637603, 16.421045370498746 ], [ 91.462000365649573, 16.244268746810668 ], [ 91.43649047462371, 16.06905698000908 ], [ 91.393439431360903, 15.897079802398906 ], [ 91.333297033821012, 15.729972871533262 ], [ 91.256669944004159, 15.569322996546035 ], [ 91.164315116252936, 15.416653853138198 ], [ 90.96356914594368, 15.118327296897808 ], [ 90.856700785208531, 14.974917478835211 ], [ 90.736036447765898, 14.842280834336771 ], [ 90.602731496885511, 14.721674368853462 ], [ 90.458055226577045, 14.614241477407218 ], [ 90.303379412044578, 14.521001434375888 ], [ 90.140166050503396, 14.442839937284889 ], [ 89.969954364078063, 14.380500801236726 ], [ 89.794347146973408, 14.33457889608265 ], [ 89.614996550508778, 14.305514410849407 ], [ 89.433589410968466, 14.293588519210813 ], [ 89.251832235586448, 14.298920506125572 ], [ 89.071435970501284, 14.321466399578668 ], [ 88.894100680506909, 14.361019133292606 ], [ 88.721500273454154, 14.417210247093459 ], [ 88.555267402064814, 14.489513112179399 ], [ 88.39697867283796, 14.577247649703102 ], [ 88.248140286061911, 14.679586493627701 ], [ 88.110174223331271, 14.795562533394234 ], [ 87.984405090213372, 14.924077758992802 ], [ 87.872047712702653, 15.06391332077883 ], [ 87.774195577732129, 15.213740708788833 ], [ 87.691810201068492, 15.372133951119213 ], [ 87.625711501009192, 15.537582727660487 ], [ 87.576569253775276, 15.708506293492176 ], [ 87.544895706397512, 15.883268104810178 ], [ 87.531039424929702, 16.06019103862803 ], [ 87.53518045935995, 16.237573094972202 ], [ 87.557326910689511, 16.413703466318381 ], [ 87.597312989118834, 16.586878853227141 ], [ 87.654798653770285, 16.755419897422748 ], [ 87.729270922476346, 16.917687594086363 ], [ 87.820046933537398, 17.072099534369556 ], [ 88.018880794108185, 17.37373570963786 ] ] ] } },
{ "type": "Feature", "properties": { "storm_name": "REMAL", "segment_id": 9, "time_start": "2024-05-24 12:00:00", "time_end": "2024-05-24 15:00:00", "wind_kts": 25.0, "pressure_mb": 993.0, "core_radius_km": 0.0, "moderate_radius_km": 0.0, "outer_radius_km": 200.0 }, "geometry": { "type": "Polygon", "coordinates": [ [ [ 87.91007665644598, 17.246187024751148 ], [ 87.973731006357923, 17.412710552514991 ], [ 88.054212901650189, 17.572401280386099 ], [ 88.150779681624556, 17.723699233805267 ], [ 88.262524837151986, 17.865122429712962 ], [ 88.388385434784055, 17.995282125913349 ], [ 88.527151464964902, 18.112897320553824 ], [ 88.677477092812197, 18.216808310873347 ], [ 88.837893748214029, 18.305989119499124 ], [ 89.00682494627786, 18.379558601090505 ], [ 89.182602681624104, 18.436790052730966 ], [ 89.363485193181134, 18.477119168469631 ], [ 89.547675852734343, 18.500150201702883 ], [ 89.733342893205915, 18.505660228100005 ], [ 89.918639663925219, 18.493601435522098 ], [ 90.101725081938213, 18.464101404492212 ], [ 90.280783941974732, 18.417461381607534 ], [ 90.454046753534072, 18.354152587047789 ], [ 90.61980879130428, 18.274810634227737 ], [ 90.776448073638164, 18.180228172995669 ], [ 90.922442021201348, 18.07134589618602 ], [ 91.056382591790012, 17.949242071751232 ], [ 91.176989734974384, 17.815120778514572 ], [ 91.283123058865741, 17.670299032655794 ], [ 91.373791648272373, 17.516192994664316 ], [ 91.448162016495772, 17.354303443369492 ], [ 91.505564210197051, 17.186200695799297 ], [ 91.545496116906335, 17.013509140259078 ], [ 91.567626047242854, 16.837891536497057 ], [ 91.571793678762816, 16.661033222462368 ], [ 91.558009456094084, 16.484626353186428 ], [ 91.526452543636211, 16.310354284757871 ], [ 91.47746742390143, 16.139876205986152 ], [ 91.375411894109163, 15.841189841119041 ], [ 91.309742391172989, 15.676045816837284 ], [ 91.227822284472509, 15.517870488910166 ], [ 91.130456605158358, 15.368163603492041 ], [ 91.018590258405709, 15.228343673932628 ], [ 90.893299010685141, 15.099735180972001 ], [ 90.755779520560708, 14.983556563481649 ], [ 90.607338466965999, 14.880909095504821 ], [ 90.449380832753704, 14.792766747010118 ], [ 90.283397408089314, 14.719967125721055 ], [ 90.110951587397821, 14.663203594947918 ], [ 89.93366554429447, 14.623018657050761 ], [ 89.753205880314809, 14.599798683756855 ], [ 89.57126885433604, 14.593770063054466 ], [ 89.389565309423332, 14.604996818047393 ], [ 89.209805421636659, 14.633379736475536 ], [ 89.033683400494652, 14.678657031260339 ], [ 88.862862272960271, 14.740406533225592 ], [ 88.698958881921072, 14.818049397929446 ], [ 88.543529226403308, 14.91085529015974 ], [ 88.398054264661923, 15.017948992833503 ], [ 88.26392629352145, 15.138318372386076 ], [ 88.14243600873516, 15.270823620610884 ], [ 88.034760342575709, 15.414207683456024 ], [ 87.941951167221049, 15.567107780391783 ], [ 87.864924946485559, 15.728067913297506 ], [ 87.804453414587499, 15.89555226084773 ], [ 87.761155359185153, 16.067959352438354 ], [ 87.735489586778158, 16.243636914044913 ], [ 87.727749151344284, 16.420897276313887 ], [ 87.738056931014881, 16.598033232004163 ], [ 87.766362641648527, 16.773334225124206 ], [ 87.812441379078578, 16.945102747474635 ], [ 87.91007665644598, 17.246187024751148 ] ] ] } },
{ "type": "Feature", "properties": { "storm_name": "REMAL", "segment_id": 10, "time_start": "2024-05-24 15:00:00", "time_end": "2024-05-24 18:00:00", "wind_kts": 25.0, "pressure_mb": 992.5, "core_radius_km": 0.0, "moderate_radius_km": 0.0, "outer_radius_km": 200.0 }, "geometry": { "type": "Polygon", "coordinates": [ [ [ 88.312507798955437, 17.971211621333691 ], [ 88.419174462666462, 18.116273724450522 ], [ 88.540376520228705, 18.250549547414025 ], [ 88.674952452415212, 18.372718035988676 ], [ 88.821600265320498, 18.481574883252524 ], [ 88.978889988658224, 18.576045397939094 ], [ 89.145277960926975, 18.655196112702715 ], [ 89.319122760124088, 18.718244950491389 ], [ 89.498702590787246, 18.764569782191337 ], [ 89.68223389278468, 18.793715230098677 ], [ 89.867890897215659, 18.805397599160457 ], [ 90.053825822603756, 18.799507850448702 ], [ 90.238189382420487, 18.776112567727431 ], [ 90.419151264405798, 18.735452906669632 ], [ 90.594920243925543, 18.677941555510557 ], [ 90.763763607652734, 18.604157773856663 ], [ 90.924025589266066, 18.51484061126531 ], [ 91.074144553961531, 18.410880437549245 ], [ 91.212668711098786, 18.293308941358749 ], [ 91.338270181592691, 18.163287771688317 ], [ 91.449757295879536, 18.022096008239217 ], [ 91.546085046680034, 17.871116651199664 ], [ 91.626363665869789, 17.711822319559229 ], [ 91.689865334526431, 17.545760340479642 ], [ 91.736029068196217, 17.374537401682385 ], [ 91.764463844780423, 17.199803925608315 ], [ 91.774950059977087, 17.023238309612278 ], [ 91.767439405298632, 16.84653116195625 ], [ 91.742053267169837, 16.671369649971247 ], [ 91.699079743715572, 16.499422065345861 ], [ 91.638969370024157, 16.332322702655208 ], [ 91.562329634473869, 16.171657141246346 ], [ 91.469918359664106, 16.018948017414321 ], [ 91.269159818075607, 15.720700688947105 ], [ 91.162206685737161, 15.577217370609807 ], [ 91.041415437048542, 15.444480962873737 ], [ 90.907942162972077, 15.323748416784095 ], [ 90.763056894876712, 15.216163467768189 ], [ 90.608132184407182, 15.122746155570153 ], [ 90.444630885917178, 15.044383387106439 ], [ 90.274093210812026, 14.98182063768323 ], [ 90.098123133180763, 14.935654881935221 ], [ 89.918374237176749, 14.906328838734051 ], [ 89.736535107770919, 14.894126604086852 ], [ 89.554314376806332, 14.899170732866036 ], [ 89.37342554486969, 14.921420814488496 ], [ 89.195571705686746, 14.960673570003486 ], [ 89.022430303094524, 15.016564479213534 ], [ 88.855638050972033, 15.088570927280836 ], [ 88.69677614393315, 15.1760168416107 ], [ 88.547355881484378, 15.278078772433068 ], [ 88.408804821341647, 15.393793355067501 ], [ 88.282453569464508, 15.522066078809841 ], [ 88.169523305978586, 15.66168127694618 ], [ 88.071114138382569, 15.811313244564262 ], [ 87.9881943670552, 15.969538385339776 ], [ 87.921590743683197, 16.134848284864056 ], [ 87.871979801169658, 16.305663605727982 ], [ 87.83988033388691, 16.480348697768054 ], [ 87.825647109511067, 16.657226814873749 ], [ 87.829465897477178, 16.834595826866945 ], [ 87.851349903378278, 17.010744310637957 ], [ 87.891137702196517, 17.183967898604571 ], [ 87.948492764737864, 17.352585754538946 ], [ 88.022904669617859, 17.514957037061567 ], [ 88.113692086268216, 17.669497200095478 ], [ 88.312507798955437, 17.971211621333691 ] ] ] } },
{ "type": "Feature", "properties": { "storm_name": "REMAL", "segment_id": 11, "time_start": "2024-05-24 18:00:00", "time_end": "2024-05-24 21:00:00", "wind_kts": 25.0, "pressure_mb": 992.0, "core_radius_km": 0.0, "moderate_radius_km": 0.0, "outer_radius_km": 200.0 }, "geometry": { "type": "Polygon", "coordinates": [ [ [ 88.020203467294706, 17.191372275265511 ], [ 88.027495085179027, 17.368622862426569 ], [ 88.052884765229322, 17.544326059742971 ], [ 88.096178497690687, 17.716780187525181 ], [ 88.157006563491507, 17.884310152477958 ], [ 88.234825022195892, 18.045283928115911 ], [ 88.328919002616132, 18.198128845748904 ], [ 88.438407867976096, 18.341347530052229 ], [ 88.562252305945364, 18.473533302257369 ], [ 88.699263365019533, 18.593384864914466 ], [ 88.848113422955407, 18.699720076219144 ], [ 89.007349031252019, 18.791488620242237 ], [ 89.175405533584353, 18.867783383067895 ], [ 89.350623307772125, 18.927850354577455 ], [ 89.531265432837856, 18.971096891795213 ], [ 89.715536537740121, 18.997098202293419 ], [ 89.901602549229523, 19.005601934638346 ], [ 90.087611025504003, 18.996530796305009 ], [ 90.271711742014901, 18.969983156564513 ], [ 90.452077187315183, 18.926231630929884 ], [ 90.626922630876166, 18.865719683032921 ], [ 90.794525441100959, 18.789056317465665 ], [ 90.953243359265571, 18.697008971434933 ], [ 91.101531472021293, 18.590494742573618 ], [ 91.237957669016055, 18.470570113809888 ], [ 91.361216420407075, 18.338419353127595 ], [ 91.470140758683542, 18.195341776136182 ], [ 91.563712397553388, 18.04273806284322 ], [ 91.641069965247738, 17.882095817536086 ], [ 91.701515368513569, 17.714974553216887 ], [ 91.744518335447097, 17.542990270815665 ], [ 91.769719209443352, 17.367799789775585 ], [ 91.776930082804569, 17.191084971914837 ], [ 91.774926056980888, 16.991497415152974 ], [ 91.764194623591052, 16.814943716519174 ], [ 91.735627228910886, 16.640236787071345 ], [ 91.689541463943556, 16.46903992178315 ], [ 91.626416459592562, 16.302979745760986 ], [ 91.546887194138733, 16.143631577741441 ], [ 91.451737677579942, 15.992505299338967 ], [ 91.341893076492582, 15.851031816399873 ], [ 91.218410836672291, 15.720550200357208 ], [ 91.082470857094634, 15.602295600079831 ], [ 90.93536476817107, 15.497388017505237 ], [ 90.778484369979353, 15.406822042453872 ], [ 90.613309291906887, 15.331457642611518 ], [ 90.441393943454898, 15.272012103026947 ], [ 90.264353836074392, 15.229053205078609 ], [ 90.08385136695172, 15.202993727417189 ], [ 89.901581166674362, 15.194087340840252 ], [ 89.719255122751377, 15.202425955605092 ], [ 89.538587199210241, 15.22793856377351 ], [ 89.361278178300736, 15.270391601441387 ], [ 89.189000453303436, 15.329390836906102 ], [ 89.023383001437935, 15.404384771808017 ], [ 88.865996663051718, 15.49466952388312 ], [ 88.71833984806257, 15.599395142939585 ], [ 88.581824783668836, 15.717573296633432 ], [ 88.457764409425991, 15.848086249983242 ], [ 88.347360017783728, 15.989697052515133 ], [ 88.251689730933009, 16.14106083941012 ], [ 88.171697899069216, 16.30073714774673 ], [ 88.108185501479809, 16.467203145404021 ], [ 88.061801630497484, 16.638867667775877 ], [ 88.033036139287717, 16.814085955427824 ], [ 88.022213537296054, 16.991174983472792 ], [ 88.020203467294706, 17.191372275265511 ] ] ] } },
{ "type": "Feature", "properties": { "storm_name": "REMAL", "segment_id": 12, "time_start": "2024-05-24 21:00:00", "time_end": "2024-05-25 00:00:00", "wind_kts": 27.5, "pressure_mb": 991.5, "core_radius_km": 0.0, "moderate_radius_km": 0.0, "outer_radius_km": 209.8 }, "geometry": { "type": "Polygon", "coordinates": [ [ [ 88.074349134358314, 18.033867407371879 ], [ 88.127221082650351, 18.21289349822197 ], [ 88.198332168466195, 18.386068933072675 ], [ 88.287042007897824, 18.551703165361754 ], [ 88.392531680204357, 18.70817430159272 ], [ 88.513809783572796, 18.853945701635364 ], [ 88.649720565120106, 18.987581964261455 ], [ 88.798954143885524, 19.107764095263434 ], [ 88.960058803213116, 19.213303649407756 ], [ 89.131455280130069, 19.303155636665849 ], [ 89.311452926145918, 19.376429988735829 ], [ 89.498267558992936, 19.432401394550329 ], [ 89.690040771267689, 19.470517333543114 ], [ 89.884860412977034, 19.49040416268706 ], [ 90.08078192380151, 19.491871146954455 ], [ 90.275850160253086, 19.474912361627677 ], [ 90.468121344978968, 19.439706437123718 ], [ 90.65568476155525, 19.386614160720942 ], [ 90.836683828559075, 19.316173992679641 ], [ 91.009336210828934, 19.229095594653081 ], [ 91.171952661993657, 19.126251504111622 ], [ 91.32295433815473, 19.008667118215318 ], [ 91.460888375055703, 18.877509173092683 ], [ 91.58444157688524, 18.734072919263802 ], [ 91.692452120736775, 18.579768200977334 ], [ 91.783919233645179, 18.416104647019743 ], [ 91.858010846464268, 18.244676174050728 ], [ 91.9140692687062, 18.06714499200616 ], [ 91.951614959619349, 17.885225286089334 ], [ 91.970348492772459, 17.70066673292062 ], [ 91.970150824470963, 17.515237991067547 ], [ 91.951081981297236, 17.330710289804415 ], [ 91.913378280247755, 17.148841225671415 ], [ 91.809941713095441, 16.75058013862591 ], [ 91.754322062888548, 16.573009985099269 ], [ 91.681074899252224, 16.401493320345597 ], [ 91.590931660675849, 16.237654803754605 ], [ 91.484776330861465, 16.083044758250796 ], [ 91.363636749881692, 15.939125324373276 ], [ 91.228674923753474, 15.807257353285479 ], [ 91.08117638332854, 15.688688132678388 ], [ 90.922538643748055, 15.584540043451254 ], [ 90.754258819852353, 15.495800247834334 ], [ 90.577920460469386, 15.42331151034417 ], [ 90.395179674717809, 15.36776425089317 ], [ 90.207750635406555, 15.329689924001583 ], [ 90.017390557220352, 15.309455809147634 ], [ 89.825884259532572, 15.307261284897951 ], [ 89.635028434345742, 15.323135643929009 ], [ 89.446615748142435, 15.356937487979568 ], [ 89.262418911700266, 15.408355721962449 ], [ 89.084174853844914, 15.476912145839247 ], [ 88.913569133673377, 15.561965622397327 ], [ 88.752220721287017, 15.662717779698069 ], [ 88.601667270134129, 15.77822018949729 ], [ 88.463350995504328, 15.907382947989721 ], [ 88.338605264518833, 16.0489845731671 ], [ 88.228641994140986, 16.201683123997935 ], [ 88.134539946251394, 16.364028440349319 ], [ 88.057234003486201, 16.534475398636086 ], [ 87.997505506867356, 16.711398075944295 ], [ 87.955973736466106, 16.893104714038657 ], [ 87.933088619273406, 17.077853373362387 ], [ 87.929124753534936, 17.263868165035834 ], [ 87.944176845104963, 17.449355945229236 ], [ 87.978156657607329, 17.632523350595452 ], [ 88.074349134358314, 18.033867407371879 ] ] ] } },
{ "type": "Feature", "properties": { "storm_name": "REMAL", "segment_id": 13, "time_start": "2024-05-25 00:00:00", "time_end": "2024-05-25 03:00:00", "wind_kts": 30.0, "pressure_mb": 991.0, "core_radius_km": 0.0, "moderate_radius_km": 0.0, "outer_radius_km": 219.1 }, "geometry": { "type": "Polygon", "coordinates": [ [ [ 88.068920076576987, 16.82559837107441 ], [ 87.966931487869132, 16.993299030402582 ], [ 87.882351339008466, 17.169782412591132 ], [ 87.816033826312548, 17.353367785641563 ], [ 87.768665885519752, 17.542302336361473 ], [ 87.740759161193822, 17.734777284102513 ], [ 87.732643292886138, 17.928944628224624 ], [ 87.744460620258266, 18.122934415311956 ], [ 87.776162418611932, 18.314872406687119 ], [ 87.827506784220446, 18.502898018459351 ], [ 87.898058293599448, 18.685182395159572 ], [ 87.987189560449252, 18.859946464307583 ], [ 88.094084806627805, 19.025478803761178 ], [ 88.217745547679669, 19.180153137509073 ], [ 88.356998468160455, 19.322445260081015 ], [ 88.510505526931439, 19.450949176543787 ], [ 88.676776288217809, 19.564392235787572 ], [ 88.854182421835247, 19.661649031059618 ], [ 89.040974257735002, 19.741753844823723 ], [ 89.235299218773662, 19.803911425988634 ], [ 89.43522189480727, 19.847505906840858 ], [ 89.638745464555967, 19.872107694539544 ], [ 89.843834122885426, 19.877478207076933 ], [ 90.048436133551462, 19.863572364878898 ], [ 90.250507103734805, 19.830538794913203 ], [ 90.448033068607316, 19.778717752107266 ], [ 90.639052982361051, 19.708636810671244 ], [ 90.821680236071245, 19.621004423185486 ], [ 90.994122860799465, 19.516701485842653 ], [ 91.15470212385668, 19.396771082196331 ], [ 91.301869283811385, 19.262406603827092 ], [ 91.434220331912385, 19.114938463753887 ], [ 91.550508610299588, 18.955819627078004 ], [ 91.747962584405897, 18.654350384764701 ], [ 91.846782654593923, 18.485114274891828 ], [ 91.927593626933685, 18.30745511193534 ], [ 91.989677362554843, 18.12309740980249 ], [ 92.03250143279422, 17.933822736165961 ], [ 92.055721329647753, 17.74145253002634 ], [ 92.059180891833762, 17.547830890544628 ], [ 92.042911075308439, 17.35480746585095 ], [ 92.007127194502274, 17.164220554067601 ], [ 91.952224751992972, 16.977880515615862 ], [ 91.878773961823512, 16.797553586571844 ], [ 91.787513057280734, 16.624946177552378 ], [ 91.679340459602841, 16.461689741114736 ], [ 91.55530587147274, 16.309326292362886 ], [ 91.416600349606753, 16.169294671509949 ], [ 91.264545405183753, 16.042917642494764 ], [ 91.100581179739109, 15.931389927232743 ], [ 90.926253747487934, 15.835767279535322 ], [ 90.74320160243488, 15.756956705088044 ], [ 90.553141399313461, 15.695707933246789 ], [ 90.357853030333871, 15.652606242155938 ], [ 90.159164133699107, 15.628066730480382 ], [ 89.958934143601837, 15.622330116870856 ], [ 89.759038003732911, 15.635460132474886 ], [ 89.561349676170096, 15.667342552986701 ], [ 89.367725584093975, 15.717685895762415 ], [ 89.179988129644187, 15.786023785439948 ], [ 88.999909427301489, 15.871718969394616 ], [ 88.829195388749227, 15.973968943301777 ], [ 88.669470287863916, 16.091813128015215 ], [ 88.522261925214877, 16.22414152264356 ], [ 88.388987501313579, 16.369704745586365 ], [ 88.270940298011482, 16.527125365534687 ], [ 88.068920076576987, 16.82559837107441 ] ] ] } },
{ "type": "Feature", "properties": { "storm_name": "REMAL", "segment_id": 14, "time_start": "2024-05-25 03:00:00", "time_end": "2024-05-25 06:00:00", "wind_kts": 30.0, "pressure_mb": 990.5, "core_radius_km": 0.0, "moderate_radius_km": 0.0, "outer_radius_km": 219.1 }, "geometry": { "type": "Polygon", "coordinates": [ [ [ 87.8650970405414, 17.126692687373957 ], [ 87.763051878358823, 17.294460429760118 ], [ 87.678445553328743, 17.470997724528353 ], [ 87.612132844911869, 17.654624134540949 ], [ 87.564801234359322, 17.843587275920914 ], [ 87.536962849463038, 18.03607889501756 ], [ 87.528947716771825, 18.230251578855526 ], [ 87.540898424679568, 18.424235986745177 ], [ 87.5727663105109, 18.616158485172825 ], [ 87.624309293108723, 18.80415905963131 ], [ 87.695091477540132, 18.986409365662229 ], [ 87.784484658412438, 19.161130767412978 ], [ 87.891671841091849, 19.326612196210853 ], [ 88.015652884330535, 19.481227645130968 ], [ 88.155252342425143, 19.623453099687762 ], [ 88.309129549716957, 19.751882691213915 ], [ 88.475790945460545, 19.865243849876656 ], [ 88.653604584151921, 19.962411230216244 ], [ 88.840816717480195, 20.042419184941124 ], [ 89.035570272055907, 20.104472573472602 ], [ 89.235924985441898, 20.147955710891768 ], [ 89.43987890553241, 20.172439290417355 ], [ 89.645390908746066, 20.177685147629337 ], [ 89.85040385421533, 20.163648776051041 ], [ 90.052867966895619, 20.13047954959962 ], [ 90.25076403406969, 20.078518655617838 ], [ 90.442126007751455, 20.008294790310888 ], [ 90.62506262947953, 19.920517714019976 ], [ 90.797777732267576, 19.816069804648503 ], [ 90.958588924409185, 19.695995781859761 ], [ 91.105944418053681, 19.561490801037646 ], [ 91.238437828202677, 19.413887133690967 ], [ 91.354820831178628, 19.25463965986329 ], [ 91.552273183592234, 18.95312524805345 ], [ 91.651131085613301, 18.783764059730249 ], [ 91.731931283388207, 18.605991016925369 ], [ 91.793956239622446, 18.421532498083671 ], [ 91.836674818137539, 18.232171808322072 ], [ 91.859744450736699, 18.039731952504365 ], [ 91.863011507225806, 17.846058382531307 ], [ 91.846509999530724, 17.653001848785053 ], [ 91.810458748415385, 17.46240146908108 ], [ 91.755257132811153, 17.276068115173214 ], [ 91.681479529262646, 17.095768207393647 ], [ 91.589868534552451, 16.92320800254786 ], [ 91.481327050131753, 16.760018458490581 ], [ 91.35690929424851, 16.607740760304068 ], [ 91.217810797964887, 16.46781259682777 ], [ 91.065357435506272, 16.341555281395024 ], [ 90.900993538050386, 16.230161815866499 ], [ 90.726269143157893, 16.134686001255542 ], [ 90.542826439161502, 16.05603270035737 ], [ 90.352385474204965, 15.994949356943655 ], [ 90.156729212224221, 15.95201887163948 ], [ 89.957688031783164, 15.927653926240859 ], [ 89.757123777062091, 15.922092835963069 ], [ 89.556913482245761, 15.935396993268641 ], [ 89.358932900044238, 15.967449948134885 ], [ 89.165039971337521, 16.017958148752196 ], [ 88.97705837552742, 16.086453344721207 ], [ 88.796761300040586, 16.172296632931534 ], [ 88.625855562855662, 16.274684105520247 ], [ 88.465966214566805, 16.392654040558018 ], [ 88.318621737256223, 16.525095560122537 ], [ 88.185239947427547, 16.670758667644662 ], [ 88.067114700613629, 16.828265566996663 ], [ 87.8650970405414, 17.126692687373957 ] ] ] } },
{ "type": "Feature", "properties": { "storm_name": "REMAL", "segment_id": 15, "time_start": "2024-05-25 06:00:00", "time_end": "2024-05-25 09:00:00", "wind_kts": 29.0, "pressure_mb": 989.5, "core_radius_km": 0.0, "moderate_radius_km": 0.0, "outer_radius_km": 215.4 }, "geometry": { "type": "Polygon", "coordinates": [ [ [ 87.669583204127605, 17.551744330206528 ], [ 87.590677111971644, 17.727191422750845 ], [ 87.5299610508592, 17.909188350936432 ], [ 87.488069484317094, 18.095997289902368 ], [ 87.465462489621089, 18.285829518807194 ], [ 87.462419455503294, 18.476861987069054 ], [ 87.479034199712089, 18.667254365106466 ], [ 87.515211620127886, 18.855166460979731 ], [ 87.570666000187771, 19.038775875252668 ], [ 87.644921092712679, 19.216295754605117 ], [ 87.737312103997525, 19.385992490670496 ], [ 87.846989690533121, 19.546203195060947 ], [ 87.972926062646749, 19.695352765718056 ], [ 88.113923261879677, 19.831970344992801 ], [ 88.268623641946462, 19.954704957775778 ], [ 88.435522537305062, 20.062340110159521 ], [ 88.612983050198579, 20.153807127002217 ], [ 88.799252828787829, 20.228197011600308 ], [ 88.992482648630713, 20.284770623301831 ], [ 89.190746550709889, 20.322966989638577 ], [ 89.392063235105894, 20.342409598187416 ], [ 89.594418363804749, 20.342910549068939 ], [ 89.795787392147602, 20.324472490375442 ], [ 89.994158528491482, 20.287288304052748 ], [ 90.187555417222953, 20.23173855667515 ], [ 90.374059151719948, 20.158386775829481 ], [ 90.55182925042331, 20.067972656183315 ], [ 90.719123269028771, 19.961403337686349 ], [ 90.874314772223315, 19.839742930068763 ], [ 91.015909446023471, 19.704200481683021 ], [ 91.142559192960562, 19.556116606196873 ], [ 91.253074113434323, 19.396948987697481 ], [ 91.346432334155409, 19.228256983981357 ], [ 91.444386249117386, 19.027568188027892 ], [ 91.519585306420737, 18.850993332627095 ], [ 91.576141996949247, 18.668259937314627 ], [ 91.613577123363839, 18.481133573987215 ], [ 91.631597746438317, 18.291414885927527 ], [ 91.630097167461173, 18.100922582604547 ], [ 91.609153285109244, 17.911476560926253 ], [ 91.569025451329821, 17.724881264029364 ], [ 91.510149942223464, 17.542909376531661 ], [ 91.433134147870092, 17.367285946678518 ], [ 91.338749571455708, 17.199673021058345 ], [ 91.227923714756727, 17.041654876246675 ], [ 91.101730915577519, 16.894723933255367 ], [ 90.961382194310289, 16.760267444151872 ], [ 90.808214162180178, 16.639555044650038 ], [ 90.643677043304677, 16.53372727076075 ], [ 90.469321866359536, 16.443785140650689 ], [ 90.286786888942174, 16.370580903725646 ], [ 90.097783327874126, 16.314810056856345 ], [ 89.904080480667261, 16.277004722078903 ], [ 89.707490336038603, 16.257528470805759 ], [ 89.509851783518172, 16.256572666664859 ], [ 89.313014542757415, 16.274154382937208 ], [ 89.118822941202609, 16.310115931846045 ], [ 88.929099673704059, 16.364126022529675 ], [ 88.74562967906769, 16.435682543399629 ], [ 88.570144266549391, 16.524116943779724 ], [ 88.404305620220342, 16.628600170218018 ], [ 88.24969180166903, 16.748150095500574 ], [ 88.107782362571299, 16.881640363793224 ], [ 87.979944669311323, 17.027810563846955 ], [ 87.867421033172874, 17.185277633876474 ], [ 87.771316732663905, 17.35254839631213 ], [ 87.669583204127605, 17.551744330206528 ] ] ] } },
{ "type": "Feature", "properties": { "storm_name": "REMAL", "segment_id": 16, "time_start": "2024-05-25 09:00:00", "time_end": "2024-05-25 12:00:00", "wind_kts": 31.5, "pressure_mb": 988.0, "core_radius_km": 0.0, "moderate_radius_km": 0.0, "outer_radius_km": 224.5 }, "geometry": { "type": "Polygon", "coordinates": [ [ [ 87.515889402674958, 17.601930980095414 ], [ 87.411198571430219, 17.773930220721486 ], [ 87.324421290881375, 17.954895590564817 ], [ 87.256435663543428, 18.143106397577331 ], [ 87.207948616201648, 18.336768364189243 ], [ 87.179487569170462, 18.534030005760425 ], [ 87.171393413080935, 18.732999658295522 ], [ 87.183814901272413, 18.931763045563162 ], [ 87.216704577809139, 19.128401270109457 ], [ 87.269816371733029, 19.32100910370643 ], [ 87.34270499529174, 19.507713440480799 ], [ 87.434727285380603, 19.686691760703127 ], [ 87.545045621273047, 19.856190435784185 ], [ 87.672633536195448, 20.014542686622317 ], [ 87.816283614277083, 20.160185989596926 ], [ 87.974617727452113, 20.291678708955462 ], [ 88.146099619451476, 20.407715722923079 ], [ 88.329049787483598, 20.507142805331057 ], [ 88.521662548884493, 20.588969526425888 ], [ 88.72202511306881, 20.652380446896224 ], [ 88.928138412315818, 20.696744398614097 ], [ 89.137939382404198, 20.721621674069507 ], [ 89.34932432999473, 20.726768983250302 ], [ 89.560172981702138, 20.712142080396113 ], [ 89.768372783019686, 20.677896011685906 ], [ 89.971843005652445, 20.624382986131881 ], [ 90.168558230135659, 20.552147923147576 ], [ 90.35657079630856, 20.461921778818358 ], [ 90.534031855464477, 20.354612796413868 ], [ 90.699210711914517, 20.231295863127446 ], [ 90.850512204590189, 20.093200182943065 ], [ 90.986491947036924, 19.941695494101783 ], [ 91.105869312502108, 19.778277068738859 ], [ 91.303240910070002, 19.476651696017022 ], [ 91.404552643646298, 19.302884092893766 ], [ 91.487269436494842, 19.120523454743147 ], [ 91.550659581858582, 18.93134225932587 ], [ 91.59418369999392, 18.73717077210226 ], [ 91.617496760294017, 18.539879329734944 ], [ 91.620448247822807, 18.34136061784131 ], [ 91.603080617593179, 18.143512075764406 ], [ 91.565626176418363, 17.948218543277164 ], [ 91.508502522175007, 17.757335249859434 ], [ 91.432306656068221, 17.572671237083668 ], [ 91.337807867228335, 17.395973298867776 ], [ 91.225939472795375, 17.228910522638529 ], [ 91.097789482370558, 17.073059516163404 ], [ 90.954590244757711, 16.929890409025166 ], [ 90.797707128246316, 16.800753723301078 ], [ 90.628626283778189, 16.686868213730932 ], [ 90.448941543186592, 16.589309782285554 ], [ 90.260340511845627, 16.509001574451492 ], [ 90.064589925690143, 16.446705363801971 ], [ 89.863520355544139, 16.403014326872984 ], [ 89.659010355738431, 16.378347301680609 ], [ 89.452970167762672, 16.372944610424735 ], [ 89.247325101910477, 16.386865510398337 ], [ 89.043998729455865, 16.419987317545232 ], [ 88.844896024044544, 16.472006225417964 ], [ 88.651886593252357, 16.542439819582313 ], [ 88.466788139609079, 16.630631264961917 ], [ 88.29135028515428, 16.735755122343292 ], [ 88.127238885495061, 16.856824731252392 ], [ 87.976020949366401, 16.992701080426244 ], [ 87.83915026904657, 17.142103074596374 ], [ 87.717953856909944, 17.303619097400198 ], [ 87.515889402674958, 17.601930980095414 ] ] ] } },
{ "type": "Feature", "properties": { "storm_name": "REMAL", "segment_id": 17, "time_start": "2024-05-25 12:00:00", "time_end": "2024-05-25 15:00:00", "wind_kts": 35.0, "pressure_mb": 987.0, "core_radius_km": 0.0, "moderate_radius_km": 121.8, "outer_radius_km": 236.6 }, "geometry": { "type": "Polygon", "coordinates": [ [ [ 88.260734288183571, 18.224325457915775 ], [ 88.115463041746708, 18.523233029944283 ], [ 88.081604293903993, 18.626262537319949 ], [ 88.058469772206394, 18.731957807517773 ], [ 88.046301724432112, 18.839303843762654 ], [ 88.045238108743533, 18.947267919629795 ], [ 88.055310496626191, 19.054809426875092 ], [ 88.076442952289014, 19.160889870113884 ], [ 88.108451930157926, 19.264482918281846 ], [ 88.15104722531882, 19.364584419174893 ], [ 88.203834003237475, 19.460222280073442 ], [ 88.266315924619803, 19.550466114725108 ], [ 88.337899368802468, 19.634436555046854 ], [ 88.417898744633277, 19.711314125100415 ], [ 88.505542861614487, 19.780347575484175 ], [ 88.599982316491008, 19.84086157854254 ], [ 88.700297831970502, 19.892263688948034 ], [ 88.805509465487333, 19.934050480417906 ], [ 88.914586587590293, 19.965812777654865 ], [ 89.026458512418003, 19.987239913011464 ], [ 89.140025647602243, 19.99812294972088 ], [ 89.254171018533626, 19.998356827550776 ], [ 89.367772012853706, 19.987941402060478 ], [ 89.479712185771092, 19.966981364829135 ], [ 89.588892965614789, 19.935685048573383 ], [ 89.694245102001588, 19.89436213745909 ], [ 89.794739705956658, 19.843420318614598 ], [ 89.889398741929512, 19.783360925390777 ], [ 89.977304845356201, 19.714773635878359 ], [ 90.057610355556676, 19.638330301266208 ], [ 90.129545471560874, 19.554777987600122 ], [ 90.192425457128621, 19.464931321288642 ], [ 90.344523829492942, 19.169232898717286 ], [ 90.387513655011048, 19.069461535653598 ], [ 90.419974469431835, 18.966164413615939 ], [ 90.441613907662415, 18.860339180892932 ], [ 90.45224493696648, 18.753005678229634 ], [ 90.451786790129134, 18.645196141165485 ], [ 90.440264891011992, 18.537945371751242 ], [ 90.417809807555244, 18.432280965031641 ], [ 90.384655272411763, 18.329213671974191 ], [ 90.341135315086504, 18.229727976939643 ], [ 90.287680552049665, 18.134772964415333 ], [ 90.224813683153684, 18.04525354658854 ], [ 90.153144244143647, 17.962022120376869 ], [ 90.073362666402659, 17.885870719656221 ], [ 89.986233696537198, 17.817523725495704 ], [ 89.892589230139095, 17.757631194061343 ], [ 89.793320616129378, 17.70676285832333 ], [ 89.689370490491882, 17.665402855643332 ], [ 89.581724200874405, 17.633945228610038 ], [ 89.471400886348775, 17.612690241053176 ], [ 89.359444279424963, 17.601841544971919 ], [ 89.246913300038216, 17.60150422718834 ], [ 89.134872513506608, 17.611683756960083 ], [ 89.024382526247422, 17.632285847683747 ], [ 88.916490394237272, 17.663117237353426 ], [ 88.812220119745518, 17.703887383793081 ], [ 88.712563311752916, 17.754211062048146 ], [ 88.618470084731968, 17.813611842887799 ], [ 88.530840269194272, 17.881526423295568 ], [ 88.450515005722224, 17.957309772240741 ], [ 88.378268792225001, 18.040241048011243 ], [ 88.314802052024106, 18.129530236985399 ], [ 88.260734288183571, 18.224325457915775 ] ] ] } },
{ "type": "Feature", "properties": { "storm_name": "REMAL", "segment_id": 18, "time_start": "2024-05-25 15:00:00", "time_end": "2024-05-25 18:00:00", "wind_kts": 37.5, "pressure_mb": 986.5, "core_radius_km": 0.0, "moderate_radius_km": 126.0, "outer_radius_km": 244.9 }, "geometry": { "type": "Polygon", "coordinates": [ [ [ 88.003782414181572, 18.896037684711505 ], [ 88.006606834898037, 19.307843658464176 ], [ 88.023107342102037, 19.418494638661844 ], [ 88.050992753616967, 19.527071578843458 ], [ 88.090015378906998, 19.632522693866083 ], [ 88.139817747842756, 19.733824465860071 ], [ 88.199935259012804, 19.829991771753427 ], [ 88.269799974160776, 19.920087719322247 ], [ 88.348745557234466, 20.003233085274562 ], [ 88.436013340252998, 20.07861524842912 ], [ 88.530759480110405, 20.145496512241213 ], [ 88.63206315100345, 20.203221714037852 ], [ 88.73893569701842, 20.251225023576524 ], [ 88.850330649283961, 20.289035841067655 ], [ 88.965154492827395, 20.316283714623712 ], [ 89.082278050725719, 20.332702209120118 ], [ 89.200548338157915, 20.338131672450778 ], [ 89.318800727293421, 20.332520860791394 ], [ 89.435871256199263, 20.315927401302385 ], [ 89.550608911527604, 20.28851708818647 ], [ 89.66188771584757, 20.250562025595958 ], [ 89.768618456053545, 20.202437647982979 ], [ 89.86975989902848, 20.144618664552333 ], [ 89.964329354155666, 20.077673989022539 ], [ 90.051412458674378, 20.002260728531311 ], [ 90.130172080452923, 19.919117315954843 ], [ 90.199856252634021, 19.82905587799236 ], [ 90.259805074913629, 19.732953937073123 ], [ 90.309456536119782, 19.631745548570233 ], [ 90.348351231545323, 19.526411976158471 ], [ 90.376135965578641, 19.417972007718397 ], [ 90.392566245160765, 19.307472012309038 ], [ 90.397507682243116, 19.195975835775609 ], [ 90.388832116327634, 18.784831450027966 ], [ 90.370901034650913, 18.674545181560493 ], [ 90.341755574510444, 18.566454497354727 ], [ 90.301693929538416, 18.461592278963508 ], [ 90.251116159515504, 18.360959143053396 ], [ 90.190519879808278, 18.265514192739467 ], [ 90.120495163506021, 18.176166181083829 ], [ 90.041718708706767, 18.0937651553755 ], [ 89.954947324518244, 18.019094647935159 ], [ 89.861010790727661, 17.95286447619517 ], [ 89.760804147870218, 17.895704211507244 ], [ 89.655279476622965, 17.848157372349306 ], [ 89.545437228019637, 17.810676393186288 ], [ 89.432317168812773, 17.783618415074937 ], [ 89.316989009240402, 17.767241938131299 ], [ 89.20054278330386, 17.761704369199361 ], [ 89.084079054238543, 17.767060490530874 ], [ 88.96869901999267, 17.783261867122452 ], [ 88.855494595077403, 17.81015720171694 ], [ 88.745538546032478, 17.847493637554656 ], [ 88.639874757923934, 17.894918999964293 ], [ 88.539508708785547, 17.951984959021519 ], [ 88.445398227804148, 18.018151086964576 ], [ 88.35844461145382, 18.092789775998021 ], [ 88.279484169846242, 18.175191974649287 ], [ 88.209280273437514, 18.26457369402851 ], [ 88.148515968050731, 18.360083229186102 ], [ 88.097787224040104, 18.460809035220123 ], [ 88.057596883384264, 18.565788192770253 ], [ 88.028349366531074, 18.674015392931491 ], [ 88.010346198827932, 18.784452367300815 ], [ 88.003782414181572, 18.896037684711505 ] ] ] } },
{ "type": "Feature", "properties": { "storm_name": "REMAL", "segment_id": 19, "time_start": "2024-05-25 18:00:00", "time_end": "2024-05-25 21:00:00", "wind_kts": 42.5, "pressure_mb": 986.0, "core_radius_km": 0.0, "moderate_radius_km": 134.2, "outer_radius_km": 260.8 }, "geometry": { "type": "Polygon", "coordinates": [ [ [ 87.922667428653654, 19.395584323110867 ], [ 87.927904936056834, 19.514453096350724 ], [ 87.945425201867877, 19.632259043220408 ], [ 87.975085398461445, 19.747863032400524 ], [ 88.016623931908583, 19.860144805851078 ], [ 88.06966195374919, 19.968013972458522 ], [ 88.133706086610175, 20.07042081384115 ], [ 88.208152382137868, 20.166366790430384 ], [ 88.292291514430886, 20.254914633411126 ], [ 88.385315194320142, 20.335197906980898 ], [ 88.486323769766997, 20.406429926065162 ], [ 88.594334955863644, 20.467911917456036 ], [ 88.708293615135759, 20.51904031760353 ], [ 88.827082485940466, 20.559313108157454 ], [ 88.949533734704289, 20.588335100880411 ], [ 89.074441187581243, 20.605822096628646 ], [ 89.200573079832282, 20.611603858479846 ], [ 89.326685147731041, 20.605625856380509 ], [ 89.45153387881733, 20.58794975937662 ], [ 89.573889732344, 20.558752670966669 ], [ 89.69255014302766, 20.518325122711111 ], [ 89.806352127651721, 20.467067860268035 ], [ 89.914184325337288, 20.405487473856137 ], [ 90.014998317783991, 20.334190941202703 ], [ 90.107819094672237, 20.253879164857697 ], [ 90.191754550746765, 20.16533959702284 ], [ 90.266003923826673, 20.069438053587689 ], [ 90.329865106073328, 19.967109824869226 ], [ 90.382740783322973, 19.859350193746561 ], [ 90.424143378320068, 19.747204472726555 ], [ 90.45369879260501, 19.631757670320287 ], [ 90.471148958160043, 19.51412389437349 ], [ 90.474802265324996, 19.195638581492133 ], [ 90.46777223267442, 19.077032064398331 ], [ 90.448581380069953, 18.959645366966782 ], [ 90.417437767005353, 18.844601401922926 ], [ 90.374661469108659, 18.732998765677937 ], [ 90.320680810083346, 18.625901573902269 ], [ 90.256027716897123, 18.524329662220072 ], [ 90.181332253554473, 18.429249226007457 ], [ 90.09731638911822, 18.341563970395924 ], [ 90.00478705616969, 18.262106838842115 ], [ 89.904628556855528, 18.191632385809516 ], [ 89.797794375193988, 18.130809855985305 ], [ 89.685298456432491, 18.080217028805283 ], [ 89.568206016896113, 18.040334882690761 ], [ 89.447623950796611, 18.011543128173706 ], [ 89.324690903688705, 17.994116652923392 ], [ 89.200567085430279, 17.98822291458438 ], [ 89.076423898398232, 17.99392030935747 ], [ 88.95343345911877, 18.011157535536682 ], [ 88.832758093223973, 18.039773961942903 ], [ 88.715539884639597, 18.079501001597553 ], [ 88.602890360101284, 18.129964481302355 ], [ 88.495880389524686, 18.190687988279691 ], [ 88.395530381513538, 18.261097165904385 ], [ 88.302800851530563, 18.340524922004075 ], [ 88.218583438161119, 18.42821750534922 ], [ 88.14369244065945, 18.523341398858676 ], [ 88.078856948758016, 18.624990971711853 ], [ 88.02471363367323, 18.732196826918219 ], [ 87.981800267424191, 18.843934775835837 ], [ 87.950550035978154, 18.959135366499478 ], [ 87.931286710236407, 19.07669388825024 ], [ 87.922667428653654, 19.395584323110867 ] ] ] } },
{ "type": "Feature", "properties": { "storm_name": "REMAL", "segment_id": 20, "time_start": "2024-05-25 21:00:00", "time_end": "2024-05-26 00:00:00", "wind_kts": 47.5, "pressure_mb": 985.0, "core_radius_km": 0.0, "moderate_radius_km": 141.8, "outer_radius_km": 275.7 }, "geometry": { "type": "Polygon", "coordinates": [ [ [ 87.847942801130884, 19.595004211872006 ], [ 87.853419111957066, 19.72067303123438 ], [ 87.871899013814229, 19.845224375507417 ], [ 87.903233915474971, 19.967453672651011 ], [ 87.947149374573527, 20.086176059857792 ], [ 88.003246591680806, 20.20023801862768 ], [ 88.071005194741915, 20.308528822644799 ], [ 88.149787338621863, 20.409991679828515 ], [ 88.238843128174906, 20.503634446558138 ], [ 88.337317353885851, 20.588539790196936 ], [ 88.444257507067945, 20.663874676129719 ], [ 88.558623017424509, 20.728899058004998 ], [ 88.679295630304892, 20.78297365507844 ], [ 88.805090815211685, 20.825566708712476 ], [ 88.934770072186154, 20.856259621269189 ], [ 89.06705397980835, 20.874751394742088 ], [ 89.200635808871496, 20.880861803233177 ], [ 89.334195510383253, 20.8745332523489 ], [ 89.466413876268689, 20.855831299173463 ], [ 89.595986666591159, 20.824943827974771 ], [ 89.721638498538383, 20.782178898439877 ], [ 89.842136299769422, 20.727961304237994 ], [ 89.956302141576288, 20.66282789932427 ], [ 90.063025284963786, 20.58742176697228 ], [ 90.16127329423648, 20.502485321529065 ], [ 90.250102096865561, 20.408852444963689 ], [ 90.328664894079878, 20.307439769242244 ], [ 90.396219852571733, 20.199237221408151 ], [ 90.452136532810044, 20.085297951143808 ], [ 90.495901032749259, 19.966727760850301 ], [ 90.527119846462682, 19.844674156331969 ], [ 90.545522454905139, 19.720315132505878 ], [ 90.549302761376808, 19.395065324448971 ], [ 90.541796334432547, 19.269690558121265 ], [ 90.5214228589969, 19.145610885452985 ], [ 90.48840478115811, 19.024012643723065 ], [ 90.443082792189955, 18.906056302549324 ], [ 90.385911780314416, 18.792865761824824 ], [ 90.317455871882714, 18.685518037539762 ], [ 90.238382620810398, 18.585033411539378 ], [ 90.149456404679469, 18.492366118491507 ], [ 90.051531085841958, 18.408395640792254 ], [ 89.945541996396557, 18.333918679561346 ], [ 89.83249730720884, 18.269641866989609 ], [ 89.713468843225812, 18.216175281831674 ], [ 89.589582410108733, 18.174026825558339 ], [ 89.462007700492919, 18.143597511423941 ], [ 89.331947851736018, 18.125177712371979 ], [ 89.200628730559046, 18.118944406285287 ], [ 89.06928802323722, 18.124959448662263 ], [ 88.939164212710324, 18.143168893520723 ], [ 88.811485525953955, 18.173403373415816 ], [ 88.687458936059542, 18.215379539172137 ], [ 88.568259303668242, 18.268702549560594 ], [ 88.455018741736694, 18.332869590982288 ], [ 88.348816286199366, 18.407274397512698 ], [ 88.250667953121152, 18.49121273261947 ], [ 88.161517260625985, 18.583888785640674 ], [ 88.082226291480339, 18.684422428764901 ], [ 88.013567369923649, 18.791857273781382 ], [ 87.956215424336094, 18.905169462181146 ], [ 87.910741105713782, 19.023277117143898 ], [ 87.877604730670981, 19.14505038134935 ], [ 87.857151116691142, 19.269321960196731 ], [ 87.847942801130884, 19.595004211872006 ] ] ] } },
{ "type": "Feature", "properties": { "storm_name": "REMAL", "segment_id": 21, "time_start": "2024-05-26 00:00:00", "time_end": "2024-05-26 03:00:00", "wind_kts": 50.0, "pressure_mb": 984.0, "core_radius_km": 61.2, "moderate_radius_km": 145.5, "outer_radius_km": 282.8 }, "geometry": { "type": "Polygon", "coordinates": [ [ [ 87.880305394290986, 19.199640357837279 ], [ 87.742369369688262, 19.623604242327211 ], [ 87.719745264080331, 19.750858816626469 ], [ 87.710382222535515, 19.879599004767687 ], [ 87.714402336321214, 20.00858600042223 ], [ 87.731799351722685, 20.136575682973881 ], [ 87.762437470160947, 20.262330569117619 ], [ 87.806051376146428, 20.384631821300118 ], [ 87.862247546601935, 20.502291202289637 ], [ 87.930506885267491, 20.614162859618382 ], [ 88.010188712833028, 20.719154818612115 ], [ 88.100536126965622, 20.816240058667471 ], [ 88.200682726568218, 20.904467044861626 ], [ 88.309660671744126, 20.982969586391789 ], [ 88.426410025632606, 21.050975895218357 ], [ 88.549789297364782, 21.107816723016473 ], [ 88.678587077925286, 21.152932462395082 ], [ 88.811534633908423, 21.18587910942998 ], [ 88.947319299323382, 21.206332998805298 ], [ 89.084598484015828, 21.21409424000246 ], [ 89.222014100101546, 21.209088802566669 ], [ 89.358207196023514, 21.191369219904065 ], [ 89.491832582127927, 21.161113903576165 ], [ 89.621573232351793, 21.118625082841923 ], [ 89.746154253693661, 21.06432540640586 ], [ 89.864356228200521, 20.998753264155415 ], [ 89.975027750508971, 20.922556905390504 ], [ 90.077097006512517, 20.836487446081435 ], [ 90.169582264278162, 20.741390870627857 ], [ 90.251601175592128, 20.638199143212791 ], [ 90.322378814161993, 20.527920550133192 ], [ 90.381254403314145, 20.411629397605704 ], [ 90.525217319430425, 19.990001635390009 ], [ 90.558683817980253, 19.865116870950946 ], [ 90.579024881738007, 19.73773245680453 ], [ 90.586077290817073, 19.609074928035952 ], [ 90.579805573301755, 19.480379924849441 ], [ 90.56030108319419, 19.352880524602977 ], [ 90.527779961324299, 19.227795710331254 ], [ 90.482580040261894, 19.106319065044463 ], [ 90.425156755199808, 18.98960777630796 ], [ 90.356078122515981, 18.878772031583701 ], [ 90.276018846875857, 18.774864881492295 ], [ 90.185753616841325, 18.678872645381563 ], [ 90.086149648439431, 18.591705931127009 ], [ 89.978158536316727, 18.514191338658541 ], [ 89.862807473131312, 18.447063914000509 ], [ 89.741189899747695, 18.39096041733319 ], [ 89.614455651509758, 18.346413464477962 ], [ 89.483800669187175, 18.313846596081223 ], [ 89.350456346857513, 18.293570322510494 ], [ 89.215678592702972, 18.285779185056743 ], [ 89.080736682159525, 18.290549865529407 ], [ 88.946901985782148, 18.307840366889948 ], [ 88.815436656358173, 18.337490277423807 ], [ 88.687582361069289, 18.379222120377854 ], [ 88.564549144812617, 18.432643780297944 ], [ 88.447504510183805, 18.497251986795153 ], [ 88.337562798222663, 18.572436826429172 ], [ 88.235774952020478, 18.65748724405476 ], [ 88.143118742930383, 18.751597486490841 ], [ 88.060489536667163, 18.853874433823254 ], [ 87.988691674272701, 18.9633457570343 ], [ 87.928430540954878, 19.078968834878467 ], [ 87.880305394290986, 19.199640357837279 ] ] ] } },
{ "type": "Feature", "properties": { "storm_name": "REMAL", "segment_id": 22, "time_start": "2024-05-26 03:00:00", "time_end": "2024-05-26 06:00:00", "wind_kts": 50.0, "pressure_mb": 983.5, "core_radius_km": 61.2, "moderate_radius_km": 145.5, "outer_radius_km": 282.8 }, "geometry": { "type": "Polygon", "coordinates": [ [ [ 87.706624246156068, 20.294607218599598 ], [ 87.712204367571431, 20.423536911458651 ], [ 87.731186997399618, 20.551325978404236 ], [ 87.763421673468628, 20.676738445681018 ], [ 87.808628113216102, 20.798558307812513 ], [ 87.866397645757274, 20.915601474616231 ], [ 87.936195979983268, 21.026727537161921 ], [ 88.017367338963027, 21.130851230521152 ], [ 88.10913997385633, 21.2269534671318 ], [ 88.210633050086301, 21.314091812129448 ], [ 88.320864875023062, 21.391410271592793 ], [ 88.438762410521861, 21.458148266783898 ], [ 88.563171986222457, 21.513648672520308 ], [ 88.69287110164818, 21.55736480604843 ], [ 88.826581178095111, 21.588866264288097 ], [ 88.962981096393193, 21.607843521990745 ], [ 89.100721335150268, 21.61411122090961 ], [ 89.238438507228665, 21.607610100045704 ], [ 89.374770080908178, 21.588407538768536 ], [ 89.508369067117385, 21.556696707357258 ], [ 89.637918455573654, 21.512794342429306 ], [ 89.762145190584619, 21.457137186968819 ], [ 89.879833491184684, 21.3902771554258 ], [ 89.989837339418415, 21.312875302915643 ], [ 90.091091983882308, 21.225694693337715 ], [ 90.182624331845233, 21.12959227385798 ], [ 90.26356213104981, 21.025509872468003 ], [ 90.333141870318741, 20.914464441242693 ], [ 90.390715355123135, 20.797537670659018 ], [ 90.435754939261798, 20.675865100252651 ], [ 90.467857415936876, 20.550624848445164 ], [ 90.486746590243555, 20.423026080113672 ], [ 90.492274570153697, 20.294297324969779 ], [ 90.488741564800321, 19.894731216426472 ], [ 90.480965768962605, 19.766100401376644 ], [ 90.459949253430239, 19.638802768522162 ], [ 90.425922955342244, 19.514055158015797 ], [ 90.379239311315473, 19.393047704447845 ], [ 90.32036802808878, 19.276932880360619 ], [ 90.249890927875583, 19.16681494186918 ], [ 90.168495930120613, 19.063739853109176 ], [ 90.076970230369838, 18.968685763420801 ], [ 89.976192736379943, 18.882554108656528 ], [ 89.867125821708527, 18.806161405483842 ], [ 89.750806457995594, 18.740231804738475 ], [ 89.628336788994375, 18.685390466478964 ], [ 89.500874212036692, 18.642157815151009 ], [ 89.369621035832935, 18.610944728005322 ], [ 89.235813787043924, 18.59204870352329 ], [ 89.10071224162651, 18.58565104907764 ], [ 88.965588260245084, 18.591815118470343 ], [ 88.83171450978864, 18.610485620509735 ], [ 88.700353155027813, 18.641489009647028 ], [ 88.572744605553694, 18.68453495916944 ], [ 88.450096403318383, 18.739218906848979 ], [ 88.333572335396227, 18.805025652573917 ], [ 88.224281855136809, 18.881333977616382 ], [ 88.123269892889681, 18.967422246034047 ], [ 88.031507135188775, 19.062474940414937 ], [ 87.94988084895094, 19.1655900768192 ], [ 87.879186325102168, 19.275787437330763 ], [ 87.820119014281829, 19.392017553007804 ], [ 87.773267425986717, 19.513171365046915 ], [ 87.739106861696087, 19.638090487441158 ], [ 87.717994052031784, 19.765577990081855 ], [ 87.710162767595435, 19.894409616903264 ], [ 87.706624246156068, 20.294607218599598 ] ] ] } },
{ "type": "Feature", "properties": { "storm_name": "REMAL", "segment_id": 23, "time_start": "2024-05-26 06:00:00", "time_end": "2024-05-26 09:00:00", "wind_kts": 52.5, "pressure_mb": 982.0, "core_radius_km": 62.7, "moderate_radius_km": 149.1, "outer_radius_km": 289.8 }, "geometry": { "type": "Polygon", "coordinates": [ [ [ 87.672211296562836, 20.294050513122087 ], [ 87.675110143961959, 20.726311174505895 ], [ 87.694548077816478, 20.8572592170406 ], [ 87.727595257900532, 20.985776618328792 ], [ 87.773965722928182, 21.110616993345324 ], [ 87.833241521100845, 21.230566493304686 ], [ 87.904875481409221, 21.344455879268285 ], [ 87.988195395550903, 21.451172292432418 ], [ 88.082409627372314, 21.54967059104899 ], [ 88.186614145391488, 21.638984120974396 ], [ 88.299800949278307, 21.718234786042345 ], [ 88.420867833822882, 21.786642286329212 ], [ 88.54862940485269, 21.843532397346202 ], [ 88.681829231940739, 21.888344171534236 ], [ 88.819152993930771, 21.920635955262128 ], [ 88.959242446714512, 21.940090129743421 ], [ 89.100710019738926, 21.946516502589063 ], [ 89.242153829667032, 21.939854297597723 ], [ 89.382172887505007, 21.920172713172882 ], [ 89.519382270056965, 21.887670043631196 ], [ 89.652428028109441, 21.842671381734821 ], [ 89.780001612202781, 21.78562494412839 ], [ 89.900853611728309, 21.717097083119633 ], [ 90.013806623545364, 21.637766067648066 ], [ 90.117767091191951, 21.548414732729125 ], [ 90.211735983714419, 21.449922109725986 ], [ 90.294818212717047, 21.343254159280995 ], [ 90.366230715995172, 21.22945373464422 ], [ 90.42530916474233, 21.10962990567522 ], [ 90.471513277685958, 20.984946773343651 ], [ 90.504430748737519, 20.856611901623229 ], [ 90.523779814268536, 20.725864488847858 ], [ 90.526637663110279, 20.294298936856851 ], [ 90.518591920786932, 20.162504244791538 ], [ 90.496947289492766, 20.032080607736386 ], [ 90.46194291310637, 19.904274362999281 ], [ 90.413942523536861, 19.78030433473868 ], [ 90.353430040962024, 19.661350636390317 ], [ 90.281004236022, 19.54854388810222 ], [ 90.197372518124197, 19.44295492633816 ], [ 90.103343912447514, 19.345585080017724 ], [ 89.999821287144044, 19.25735708512461 ], [ 89.887792891940336, 19.179106707320326 ], [ 89.768323270006064, 19.111575139420463 ], [ 89.642543606608413, 19.055402237309792 ], [ 89.511641580598649, 19.011120653720919 ], [ 89.376850787976352, 18.979150924078592 ], [ 89.239439810359016, 18.959797552204421 ], [ 89.100701004833155, 18.953246136068515 ], [ 88.961939095054106, 18.959561565048485 ], [ 88.824459646306224, 18.978687310482574 ], [ 88.689557509308244, 19.010445820931302 ], [ 88.558505318707205, 19.054540022787815 ], [ 88.432542132404294, 19.110555916026058 ], [ 88.312862297151497, 19.177966244267498 ], [ 88.200604624395382, 19.256135208270059 ], [ 88.09684195834042, 19.344324182628327 ], [ 88.002571215925698, 19.441698387077533 ], [ 87.918703976132576, 19.547334456382046 ], [ 87.846057694023628, 19.660228846337162 ], [ 87.785347613353494, 19.77930700781079 ], [ 87.737179450599214, 19.903433255814885 ], [ 87.702042922820993, 20.031421256093228 ], [ 87.680306191743739, 20.162045047384691 ], [ 87.672211296562836, 20.294050513122087 ] ] ] } },
{ "type": "Feature", "properties": { "storm_name": "REMAL", "segment_id": 24, "time_start": "2024-05-26 09:00:00", "time_end": "2024-05-26 12:00:00", "wind_kts": 57.5, "pressure_mb": 979.5, "core_radius_km": 65.7, "moderate_radius_km": 156.1, "outer_radius_km": 303.3 }, "geometry": { "type": "Polygon", "coordinates": [ [ [ 87.596882534258853, 21.193560295573374 ], [ 87.602756325371047, 21.331815707412165 ], [ 87.623093031916554, 21.468861144974163 ], [ 87.657736167436184, 21.60337065980589 ], [ 87.706388886970643, 21.734039177874546 ], [ 87.768615295591516, 21.859595340318531 ], [ 87.843843211850228, 21.978814174223839 ], [ 87.931368429875448, 22.090529461429384 ], [ 88.030360505019374, 22.193645667681242 ], [ 88.139870064790685, 22.287149290461812 ], [ 88.258837619706128, 22.370119482167016 ], [ 88.386103818372732, 22.441737806596372 ], [ 88.520421058645738, 22.501296991458922 ], [ 88.660466333436162, 22.548208548124915 ], [ 88.804855157220203, 22.582009142312835 ], [ 88.952156389183187, 22.602365615704695 ], [ 89.100907742846928, 22.609078578298977 ], [ 89.249631751467305, 22.60208451407502 ], [ 89.396851944663098, 22.581456367484986 ], [ 89.54110898549024, 22.547402604482663 ], [ 89.680976518897793, 22.500264768221431 ], [ 89.8150764921064, 22.440513575162448 ], [ 89.942093724365179, 22.368743621138453 ], [ 90.060789526774826, 22.28566678804675 ], [ 90.170014201072661, 22.192104459609652 ], [ 90.268718277884474, 22.088978668573493 ], [ 90.35596238827803, 21.977302307596812 ], [ 90.430925695846156, 21.858168541931562 ], [ 90.492912848479165, 21.732739564079825 ], [ 90.541359438177167, 21.60223482936377 ], [ 90.575835982720477, 21.467918907370485 ], [ 90.596050464130613, 21.331089078209821 ], [ 90.601849475334006, 21.193062795168409 ], [ 90.595888761331665, 20.593773839369643 ], [ 90.587386701941853, 20.455862428038852 ], [ 90.564630591424418, 20.319391304829541 ], [ 90.52787375469839, 20.18566393539346 ], [ 90.477499787925325, 20.055954805232208 ], [ 90.414017872651982, 19.93149774999738 ], [ 90.338057126578249, 19.813474722753064 ], [ 90.250360058652547, 19.703005076506471 ], [ 90.151775193665756, 19.601135437672777 ], [ 90.04324892963831, 19.508830243964098 ], [ 89.925816690426018, 19.42696301811533 ], [ 89.800593436285965, 19.356308446498272 ], [ 89.668763596662302, 19.297535328664907 ], [ 89.531570492036735, 19.251200459886924 ], [ 89.390305315092803, 19.217743503589002 ], [ 89.246295745331722, 19.197482904073844 ], [ 89.100894275277369, 19.190612882087692 ], [ 88.95546633014547, 19.197201546665578 ], [ 88.811378265993739, 19.217190146521446 ], [ 88.669985333653941, 19.250393473288227 ], [ 88.532619697013615, 19.296501417506587 ], [ 88.400578594412522, 19.355081666774989 ], [ 88.275112731115613, 19.425583524271929 ], [ 88.157414989189789, 19.507342815268458 ], [ 88.048609538905012, 19.599587839526794 ], [ 87.949741433310791, 19.701446318800766 ], [ 87.861766765237164, 19.811953281086794 ], [ 87.785543463938666, 19.930059816784937 ], [ 87.721822807179407, 20.054642636383068 ], [ 87.671241723885416, 20.184514354455423 ], [ 87.634315962567101, 20.318434420391505 ], [ 87.611434201389059, 20.455120612038801 ], [ 87.602853176724466, 20.593261004055176 ], [ 87.596882534258853, 21.193560295573374 ] ] ] } },
{ "type": "Feature", "properties": { "storm_name": "REMAL", "segment_id": 25, "time_start": "2024-05-26 12:00:00", "time_end": "2024-05-26 14:00:00", "wind_kts": 60.0, "pressure_mb": 977.5, "core_radius_km": 67.1, "moderate_radius_km": 159.4, "outer_radius_km": 309.8 }, "geometry": { "type": "Polygon", "coordinates": [ [ [ 87.535746914722552, 21.063925537595324 ], [ 87.496526364448158, 21.200396463857057 ], [ 87.471701708971935, 21.339811117881215 ], [ 87.461551669184118, 21.480832307197463 ], [ 87.466216040726394, 21.622103739719361 ], [ 87.485692780673119, 21.762262880098952 ], [ 87.519836362315132, 21.899954010605619 ], [ 87.568357478363581, 22.03384138506178 ], [ 87.630824166914508, 22.162622356733305 ], [ 87.706664424682828, 22.285040353295127 ], [ 87.795170357782894, 22.399897564575955 ], [ 87.895503901401014, 22.506067202346919 ], [ 88.006704116078623, 22.602505186641743 ], [ 88.127696040366288, 22.688261110683772 ], [ 88.257301048049271, 22.762488337108365 ], [ 88.394248624080973, 22.824453082364894 ], [ 88.537189438198482, 22.87354235435695 ], [ 88.684709560579549, 22.909270620716999 ], [ 88.835345631599125, 22.931285101553417 ], [ 88.987600769522103, 22.939369600734373 ], [ 89.139960977446648, 22.933446813210519 ], [ 89.290911795334338, 22.913579071730652 ], [ 89.438954935478264, 22.879967523598758 ], [ 89.582624640744513, 22.832949755776117 ], [ 89.720503514326964, 22.772995913536455 ], [ 89.851237587020563, 22.700703382970087 ], [ 89.973550412109859, 22.61679012996391 ], [ 90.086256007476095, 22.522086807106149 ], [ 90.188270497776784, 22.41752775475916 ], [ 90.278622344743525, 22.304141033055874 ], [ 90.356461088995289, 22.183037627814237 ], [ 90.421064560629475, 22.055399975585118 ], [ 90.471844546838966, 21.922469951721077 ], [ 90.568882581423807, 21.621907555786116 ], [ 90.605261869850196, 21.484971367596792 ], [ 90.627090346749569, 21.345359880596916 ], [ 90.634200851015493, 21.204417613765692 ], [ 90.6265676591903, 21.063497803249913 ], [ 90.604305071230442, 20.923949664125214 ], [ 90.567664787972262, 20.787105835653499 ], [ 90.517032159220406, 20.654270102659673 ], [ 90.452921379884572, 20.526705479730598 ], [ 90.375969708687222, 20.405622740228711 ], [ 90.286930780480816, 20.292169468520477 ], [ 90.186667079859674, 20.187419711123653 ], [ 90.076141641096342, 20.092364300352539 ], [ 89.956409037867871, 20.007901922101578 ], [ 89.828605725968984, 19.934830997242837 ], [ 89.693939803271547, 19.873842443329291 ], [ 89.553680253450921, 19.825513379549939 ], [ 89.409145743204732, 19.790301832917027 ], [ 89.261693046490734, 19.768542497325242 ], [ 89.112705173311923, 19.760443589372482 ], [ 88.963579284383655, 19.766084835754178 ], [ 88.815714476269036, 19.785416616833128 ], [ 88.670499523984532, 19.818260279929603 ], [ 88.529300669475901, 19.864309624323763 ], [ 88.393449544686504, 19.923133548297741 ], [ 88.264231317245006, 19.994179837150487 ], [ 88.142873145265156, 20.076780060339011 ], [ 88.030533025642882, 20.170155536013247 ], [ 87.928289117884077, 20.273424312403172 ], [ 87.837129623250817, 20.385609107865378 ], [ 87.757943297200683, 20.505646144866326 ], [ 87.691510671975905, 20.632394807631613 ], [ 87.638496065929374, 20.764648048390708 ], [ 87.535746914722552, 21.063925537595324 ] ] ] } },
{ "type": "Feature", "properties": { "storm_name": "REMAL", "segment_id": 26, "time_start": "2024-05-26 14:00:00", "time_end": "2024-05-26 15:00:00", "wind_kts": 60.0, "pressure_mb": 977.0, "core_radius_km": 67.1, "moderate_radius_km": 159.4, "outer_radius_km": 309.8 }, "geometry": { "type": "Polygon", "coordinates": [ [ [ 87.460315143078148, 21.592913139610701 ], [ 87.466247576925468, 21.734141227116563 ], [ 87.486995934254978, 21.874141075134222 ], [ 87.522402535121572, 22.01155814510097 ], [ 87.572165842111573, 22.14505897231161 ], [ 87.635841701622169, 22.273344287653554 ], [ 87.712846079320457, 22.395161976128957 ], [ 87.802459339070964, 22.509319737171104 ], [ 87.903832095227358, 22.614697305400735 ], [ 88.015992644091043, 22.710258085833448 ], [ 88.137855951940892, 22.795060055343665 ], [ 88.268234145102156, 22.868265783071742 ], [ 88.405848413176386, 22.929151426973224 ], [ 88.549342201237579, 22.977114572236161 ], [ 88.697295532175488, 23.011680789997314 ], [ 88.848240268219612, 23.032508811591246 ], [ 89.000676092768884, 23.039394234124305 ], [ 89.153086971593538, 23.032271696883353 ], [ 89.303957837586239, 23.011215494151038 ], [ 89.45179123643706, 22.976438617418133 ], [ 89.595123672322288, 22.928290247669619 ], [ 89.732541402841463, 22.867251745260536 ], [ 89.862695450399244, 22.79393120983055 ], [ 89.984315621939587, 22.709056704802517 ], [ 90.096223358950354, 22.613468259535026 ], [ 90.197343273273262, 22.50810877665462 ], [ 90.286713259663941, 22.394013982246189 ], [ 90.363493111466539, 22.272301562461642 ], [ 90.426971599561185, 22.144159631994231 ], [ 90.476572005539936, 22.010834678241771 ], [ 90.511856126823361, 21.873619120486321 ], [ 90.532526793478539, 21.733838616783153 ], [ 90.538428953555439, 21.592839243244619 ], [ 90.528517448121235, 21.352089941283928 ], [ 90.505014993387249, 21.212704849111493 ], [ 90.467131550907297, 21.076132518049175 ], [ 90.415264711691563, 20.943673921267258 ], [ 90.349940689191868, 20.816588233797354 ], [ 90.271808421245368, 20.696081403949286 ], [ 90.181632772927131, 20.583295257154042 ], [ 90.080286908721007, 20.479297207503514 ], [ 89.968743899670073, 20.385070650072098 ], [ 89.848067629520898, 20.301506105083273 ], [ 89.719403063527423, 20.229393182716322 ], [ 89.583965944552759, 20.169413434446476 ], [ 89.44303198326476, 20.122134152940276 ], [ 89.297925612301341, 20.088003177437812 ], [ 89.150008377937965, 20.067344755101495 ], [ 89.000667046628195, 20.060356500970229 ], [ 88.85130150741773, 20.067107490022803 ], [ 88.703312554306123, 20.087537504624404 ], [ 88.5580896348729, 20.121457449597866 ], [ 88.416998652732914, 20.168550935678027 ], [ 88.281369911588015, 20.22837702055655 ], [ 88.152486287872946, 20.300374085481145 ], [ 88.031571717438652, 20.383864814775357 ], [ 87.919780079646202, 20.47806223595839 ], [ 87.818184559994549, 20.582076769542542 ], [ 87.727767570318562, 20.694924230133836 ], [ 87.649411303994881, 20.815534714111646 ], [ 87.583889002729364, 20.942762303763427 ], [ 87.531857011512557, 21.07539551305889 ], [ 87.493847699211315, 21.212168395962486 ], [ 87.47026332384462, 21.351772233970447 ], [ 87.460315143078148, 21.592913139610701 ] ] ] } },
{ "type": "Feature", "properties": { "storm_name": "REMAL", "segment_id": 27, "time_start": "2024-05-26 15:00:00", "time_end": "2024-05-26 18:00:00", "wind_kts": 60.0, "pressure_mb": 977.5, "core_radius_km": 67.1, "moderate_radius_km": 159.4, "outer_radius_km": 309.8 }, "geometry": { "type": "Polygon", "coordinates": [ [ [ 87.399956344419294, 21.665377996976996 ], [ 87.371323910055267, 21.804160147417416 ], [ 87.357356657200725, 21.944892452808713 ], [ 87.358231857600401, 22.086222621992345 ], [ 87.373985154826528, 22.226788716915831 ], [ 87.404508527564943, 22.365232161718986 ], [ 87.449549583969187, 22.500210879037919 ], [ 87.508712265771592, 22.630412436674675 ], [ 87.581459032094102, 22.754567079782202 ], [ 87.66711457976821, 22.871460515926163 ], [ 87.764871139071545, 22.979946313406646 ], [ 87.873795361040948, 23.078957767736433 ], [ 87.992836785194257, 23.167519087892426 ], [ 88.120837845239095, 23.244755753571138 ], [ 88.25654533618507, 23.309903897787116 ], [ 88.398623230571459, 23.362318576205542 ], [ 88.545666695897509, 23.401480795846435 ], [ 88.69621713158601, 23.427003191245468 ], [ 88.848778013738283, 23.438634255553936 ], [ 89.001831311262052, 23.43626105689297 ], [ 89.153854219132327, 23.419910395793664 ], [ 89.303335944668518, 23.389748386812538 ], [ 89.448794281397554, 23.346078475336931 ], [ 89.588791712417887, 23.289337928061375 ], [ 89.721950800743642, 23.220092861525615 ], [ 89.846968646956441, 23.139031896462779 ], [ 89.962630223274573, 23.04695854569648 ], [ 90.067820426210815, 22.944782459355856 ], [ 90.161534725517015, 22.833509662918967 ], [ 90.242888323263017, 22.714231930984987 ], [ 90.311123771945319, 22.5881154429117 ], [ 90.365617032966526, 22.456388865955564 ], [ 90.405881985491561, 22.320331007913587 ], [ 90.501672246623386, 21.91985306858744 ], [ 90.527253678950828, 21.780781182749571 ], [ 90.53810262542865, 21.640038845733091 ], [ 90.534158557895367, 21.498978607127533 ], [ 90.51550188667737, 21.358952107740091 ], [ 90.482351585775959, 21.221297462519221 ], [ 90.435061666082916, 21.087326900806875 ], [ 90.374116576384566, 20.958314752043634 ], [ 90.300125609157178, 20.835485859896803 ], [ 90.213816384573647, 20.720004503789227 ], [ 90.11602748249085, 20.612963903787779 ], [ 90.007700289082251, 20.515376382465909 ], [ 89.889870122667091, 20.428164255312932 ], [ 89.763656702427781, 20.352151519117314 ], [ 89.630254024181625, 20.288056405102672 ], [ 89.490919709096147, 20.236484860086623 ], [ 89.346963893989425, 20.197925014283047 ], [ 89.199737735311828, 20.172742688397072 ], [ 89.050621602685439, 20.161177985302107 ], [ 88.901013041583965, 20.163343002893981 ], [ 88.752314588004865, 20.179220694852599 ], [ 88.605921520514585, 20.208664895272126 ], [ 88.463209636635057, 20.251401511777519 ], [ 88.325523141094109, 20.30703088020686 ], [ 88.194162733019795, 20.375031262583381 ], [ 88.070373977865032, 20.454763459283665 ], [ 87.955336047953509, 20.545476496319267 ], [ 87.850150913353531, 20.646314339694687 ], [ 87.755833062660059, 20.75632358098618 ], [ 87.673299831530244, 20.874462031592877 ], [ 87.603362415750922, 20.999608157424738 ], [ 87.546717645396896, 21.130571280896401 ], [ 87.503940597310589, 21.266102472706503 ], [ 87.399956344419294, 21.665377996976996 ] ] ] } },
{ "type": "Feature", "properties": { "storm_name": "REMAL", "segment_id": 28, "time_start": "2024-05-26 18:00:00", "time_end": "2024-05-26 21:00:00", "wind_kts": 57.5, "pressure_mb": 979.0, "core_radius_km": 65.7, "moderate_radius_km": 156.1, "outer_radius_km": 303.3 }, "geometry": { "type": "Polygon", "coordinates": [ [ [ 87.386366609952503, 22.193035948037988 ], [ 87.392188938176503, 22.331281937397481 ], [ 87.412576112359872, 22.468326591224017 ], [ 87.447373597415819, 22.60284405449843 ], [ 87.496285420632674, 22.733529056954424 ], [ 87.558875377566608, 22.859109758657929 ], [ 87.634569709216208, 22.978360436461529 ], [ 87.722661298893556, 23.090113878897519 ], [ 87.8223154179678, 23.193273350953206 ], [ 87.932577025859473, 23.286823985761313 ], [ 88.05237960170129, 23.369843458210088 ], [ 88.18055545371142, 23.44151179645489 ], [ 88.31584741864998, 23.50112019181698 ], [ 88.456921829147703, 23.548078675944311 ], [ 88.60238259282427, 23.581922546537818 ], [ 88.750786195678842, 23.602317439332296 ], [ 88.900657414946167, 23.609062964030837 ], [ 89.050505505025967, 23.602094844954248 ], [ 89.198840605490631, 23.581485532495005 ], [ 89.344190113444625, 23.547443278113725 ], [ 89.485114764072605, 23.500309692537247 ], [ 89.620224172987747, 23.440555832941058 ], [ 89.748191611396152, 23.368776889205453 ], [ 89.867767809095696, 23.285685560928346 ], [ 89.977793609536349, 23.192104235046351 ], [ 90.077211333944675, 23.088956088173649 ], [ 90.165074746108431, 22.977255247883313 ], [ 90.240557544094571, 22.858096153145567 ], [ 90.302960338350914, 22.732642256257897 ], [ 90.351716105973992, 22.6021142073057 ], [ 90.386394137391292, 22.467777658081459 ], [ 90.406702513639544, 22.330930816163264 ], [ 90.412489169524008, 22.192891872236046 ], [ 90.401654108801694, 21.855202563969513 ], [ 90.37856009990287, 21.718743690678913 ], [ 90.341336633228963, 21.585039342783123 ], [ 90.290374735696545, 21.455363418828679 ], [ 90.22619185022478, 21.330948825414037 ], [ 90.149426015105959, 21.212976277656399 ], [ 90.060829158362509, 21.102563625654067 ], [ 89.961259575970303, 21.000755780972042 ], [ 89.851673660123566, 20.908515314718152 ], [ 89.733116941984676, 20.826713796478774 ], [ 89.606714512805567, 20.756123940870296 ], [ 89.473660887962012, 20.697412625371566 ], [ 89.335209380198293, 20.651134839125017 ], [ 89.192661051004052, 20.617728617295878 ], [ 89.047353312224431, 20.597511009226853 ], [ 88.900648253382045, 20.590675120994813 ], [ 88.753920773407572, 20.597288264152546 ], [ 88.608546598215369, 20.617291232607613 ], [ 88.465890267572249, 20.650498719022199 ], [ 88.327293175839827, 20.696600871138514 ], [ 88.194061751379493, 20.755165977396221 ], [ 88.067455858760567, 20.825644260461857 ], [ 87.948677506580765, 20.907372747142347 ], [ 87.838859941940385, 20.999581173853258 ], [ 87.739057210713554, 21.101398878513947 ], [ 87.65023426104456, 21.211862622503162 ], [ 87.573257666256083, 21.329925280083955 ], [ 87.508887042806137, 21.454465327350192 ], [ 87.45776723918884, 21.584297058033403 ], [ 87.420421372714671, 21.718181449153786 ], [ 87.397244792750968, 21.854837595196816 ], [ 87.386366609952503, 22.193035948037988 ] ] ] } },
{ "type": "Feature", "properties": { "storm_name": "REMAL", "segment_id": 29, "time_start": "2024-05-26 21:00:00", "time_end": "2024-05-27 00:00:00", "wind_kts": 52.5, "pressure_mb": 980.0, "core_radius_km": 62.7, "moderate_radius_km": 149.1, "outer_radius_km": 289.8 }, "geometry": { "type": "Polygon", "coordinates": [ [ [ 87.584286903374732, 22.899353279653781 ], [ 87.622173314914761, 23.026797399023863 ], [ 87.673457549805704, 23.150170741297615 ], [ 87.737676341212989, 23.268271676618554 ], [ 87.814235945203507, 23.379946739983044 ], [ 87.902416715242836, 23.484102337471089 ], [ 88.001379157029319, 23.579715988028351 ], [ 88.110171456517023, 23.66584696428129 ], [ 88.227738446542105, 23.741646195419431 ], [ 88.352931947360716, 23.806365297692736 ], [ 88.484522384742874, 23.859364603949821 ], [ 88.621211557394531, 23.900120073132879 ], [ 88.761646394903735, 23.928228973796259 ], [ 88.904433519689348, 23.943414252365837 ], [ 89.048154403069859, 23.945527516618473 ], [ 89.191380887888172, 23.934550587145605 ], [ 89.33269083915863, 23.910595593607361 ], [ 89.470683680602605, 23.873903617493447 ], [ 89.603995578936079, 23.824841907930121 ], [ 89.731314049137666, 23.763899720854685 ], [ 89.851391771997299, 23.691682853733795 ], [ 89.963059438983549, 23.60890696717227 ], [ 90.06523746753723, 23.516389800663845 ], [ 90.156946460784098, 23.415042402003841 ], [ 90.237316317776234, 23.305859498371888 ], [ 90.305593932187108, 23.18990914187594 ], [ 90.361149447522862, 23.06832176370586 ], [ 90.403481064232423, 22.942278769417015 ], [ 90.432218417758207, 22.813000803815321 ], [ 90.447124566049141, 22.681735808074439 ], [ 90.448096640160159, 22.549746984730561 ], [ 90.435165222393238, 22.418300778683072 ], [ 90.408492523346567, 22.288654974818023 ], [ 90.304921874253196, 21.889893246861021 ], [ 90.265050758079397, 21.763229308627697 ], [ 90.212173078291045, 21.640797259090697 ], [ 90.14682096574515, 21.523761034247929 ], [ 90.069640293712112, 21.413231367435529 ], [ 89.981384005492203, 21.310255734832026 ], [ 89.882904669597878, 21.215808900577667 ], [ 89.775146326953063, 21.130784130102043 ], [ 89.659135693467803, 21.055985137587776 ], [ 89.53597278123766, 20.992118830532558 ], [ 89.406821002498091, 20.939788910806676 ], [ 89.272896822220162, 20.899490387189186 ], [ 89.135459027652701, 20.87160504892773 ], [ 88.995797685919555, 20.856397943317852 ], [ 88.855222863667109, 20.854014892647204 ], [ 88.715053185428829, 20.86448107720037 ], [ 88.576604309575529, 20.887700701557627 ], [ 88.441177402264174, 20.923457751397521 ], [ 88.310047690579225, 20.971417837720786 ], [ 88.184453176073646, 21.031131115160999 ], [ 88.065583589242962, 21.102036251128638 ], [ 87.954569664273635, 21.183465413204448 ], [ 87.852472811922084, 21.274650233645104 ], [ 87.760275266860887, 21.374728702201722 ], [ 87.678870784532364, 21.482752931700972 ], [ 87.609055961693755, 21.597697734935103 ], [ 87.551522254570671, 21.718469946203346 ], [ 87.506848768898962, 21.843918416135804 ], [ 87.475495897045562, 21.972844603962031 ], [ 87.457799878630837, 22.104013686901624 ], [ 87.453968362263311, 22.236166101616426 ], [ 87.464077046643055, 22.368029427487855 ], [ 87.488067478790953, 22.498330515766789 ], [ 87.584286903374732, 22.899353279653781 ] ] ] } },
{ "type": "Feature", "properties": { "storm_name": "REMAL", "segment_id": 30, "time_start": "2024-05-27 00:00:00", "time_end": "2024-05-27 03:00:00", "wind_kts": 49.0, "pressure_mb": 980.5, "core_radius_km": 60.6, "moderate_radius_km": 144.1, "outer_radius_km": 280.0 }, "geometry": { "type": "Polygon", "coordinates": [ [ [ 87.822268201402963, 23.342962730644459 ], [ 87.885608405121744, 23.456483605322457 ], [ 87.960819698582654, 23.563689204778122 ], [ 88.047193481292183, 23.663529839309415 ], [ 88.143906107251453, 23.755025634734036 ], [ 88.25002633942934, 23.837276720788886 ], [ 88.364524178067114, 23.909472689345421 ], [ 88.486280995504146, 23.970901194658389 ], [ 88.614100880342207, 24.020955574137162 ], [ 88.746723063938873, 24.05914137777069 ], [ 88.882835273840371, 24.085081707366292 ], [ 89.021087833259941, 24.098521282993445 ], [ 89.16010830444678, 24.099329173074413 ], [ 89.29851645795425, 24.087500145866578 ], [ 89.43493934031865, 24.063154622914567 ], [ 89.568026210060879, 24.026537238586311 ], [ 89.69646311638644, 23.97801403316263 ], [ 89.818986906231359, 23.918068329252929 ], [ 89.934398462739878, 23.84729536175162 ], [ 90.041575000877543, 23.766395749447852 ], [ 90.139481272438275, 23.676167911235325 ], [ 90.227179561790265, 23.577499541310871 ], [ 90.303838383867216, 23.4713582656833 ], [ 90.368739825743504, 23.358781606814901 ], [ 90.421285501376474, 23.24086638455125 ], [ 90.46100111471992, 23.118757680070935 ], [ 90.48753964864234, 22.993637485921777 ], [ 90.500683215455155, 22.866713159881982 ], [ 90.500343619190772, 22.739205793982496 ], [ 90.48656169016769, 22.61233860310827 ], [ 90.459505459164689, 22.487325430648411 ], [ 90.419467242201378, 22.365359462078679 ], [ 90.265624378579915, 22.048518860293385 ], [ 90.201163453352677, 21.936026346917885 ], [ 90.125306995650917, 21.829921029123071 ], [ 90.038794185499739, 21.731208514160045 ], [ 89.94246008317829, 21.640823290364615 ], [ 89.837227656554177, 21.559620300514499 ], [ 89.724099188128619, 21.488367232974266 ], [ 89.604147124175228, 21.42773759081517 ], [ 89.478504429107772, 21.378304595396397 ], [ 89.348354509733696, 21.340535976418192 ], [ 89.21492077615612, 21.314789695054291 ], [ 89.079455908537312, 21.301310640367966 ], [ 88.943230901463664, 21.300228331826279 ], [ 88.807523960001404, 21.311555652447499 ], [ 88.673609323478189, 21.33518862811702 ], [ 88.542746094409594, 21.370907259114194 ], [ 88.416167150725315, 21.418377400169991 ], [ 88.295068219531458, 21.477153675696179 ], [ 88.180597190155353, 21.546683407452107 ], [ 88.073843743300671, 21.626311523066619 ], [ 87.975829371993839, 21.715286405676217 ], [ 87.887497868847603, 21.812766637569645 ], [ 87.809706353219937, 21.917828584158684 ], [ 87.74321691128155, 22.029474758761772 ], [ 87.688688921930975, 22.146642903459114 ], [ 87.646672141920874, 22.268215716468138 ], [ 87.617600624377658, 22.393031151879242 ], [ 87.601787545874004, 22.519893212960366 ], [ 87.599421017989158, 22.647583155385064 ], [ 87.610560959391862, 22.77487101151473 ], [ 87.63513710334044, 22.900527341200807 ], [ 87.672948212502305, 23.023335108494077 ], [ 87.822268201402963, 23.342962730644459 ] ] ] } },
{ "type": "Feature", "properties": { "storm_name": "REMAL", "segment_id": 31, "time_start": "2024-05-27 03:00:00", "time_end": "2024-05-27 06:00:00", "wind_kts": 46.5, "pressure_mb": 981.0, "core_radius_km": 0.0, "moderate_radius_km": 140.3, "outer_radius_km": 272.8 }, "geometry": { "type": "Polygon", "coordinates": [ [ [ 87.733055319690592, 22.794024140336738 ], [ 87.735390525125936, 23.218460353842985 ], [ 87.753927455353988, 23.341670364513618 ], [ 87.785502637689603, 23.462600322532293 ], [ 87.829844921788776, 23.580076984215363 ], [ 87.886556426411204, 23.692957502986758 ], [ 87.955115111958861, 23.800140824108155 ], [ 88.03487872100132, 23.900578798248063 ], [ 88.125090104492045, 23.993286889799347 ], [ 88.224883930178194, 24.077354353229417 ], [ 88.333294745375184, 24.151953750211309 ], [ 88.449266339475855, 24.216349682291238 ], [ 88.571662323204436, 24.269906618764889 ], [ 88.699277812841117, 24.312095707501342 ], [ 88.830852079713992, 24.34250046775006 ], [ 88.965081999537574, 24.360821278394475 ], [ 89.100636113995222, 24.366878592386694 ], [ 89.236169099518719, 24.360614827745 ], [ 89.370336426489629, 24.342094906893049 ], [ 89.501808986749026, 24.311505438523284 ], [ 89.629287468673326, 24.269152558758183 ], [ 89.751516267082295, 24.215458470329263 ], [ 89.867296729438849, 24.150956738999248 ], [ 89.975499559381561, 24.07628642481626 ], [ 90.075076222522853, 23.992185141447337 ], [ 90.165069226376275, 23.899481149397605 ], [ 90.244621174879541, 23.799084598180034 ], [ 90.312982526893293, 23.691978038445875 ], [ 90.369518016016301, 23.579206327887757 ], [ 90.413711714980622, 23.46186605470837 ], [ 90.445170750924007, 23.341094600049946 ], [ 90.463627697402458, 23.218058956521993 ], [ 90.465925844509357, 22.794253893159091 ], [ 90.45814136090695, 22.670246297197391 ], [ 90.437337924113947, 22.547536303550302 ], [ 90.403747644122603, 22.427296601411697 ], [ 90.357721794736321, 22.310673680843031 ], [ 90.299726477116138, 22.198777300223771 ], [ 90.230337392499735, 22.092670358277655 ], [ 90.150233790812933, 21.993359243041457 ], [ 90.060191660014439, 21.901784726762692 ], [ 89.961076219326799, 21.818813472685807 ], [ 89.853833778338782, 21.745230216768512 ], [ 89.739483023510289, 21.681730684295893 ], [ 89.619105793946318, 21.628915297874389 ], [ 89.493837409392029, 21.58728372916535 ], [ 89.364856615107342, 21.557230341791058 ], [ 89.233375210409037, 21.539040567012187 ], [ 89.100627429990055, 21.532888247011666 ], [ 88.967859149398024, 21.538833972981752 ], [ 88.836316988058371, 21.556824436824563 ], [ 88.707237384790901, 21.586692806330177 ], [ 88.581835721777082, 21.628160124419182 ], [ 88.461295573354121, 21.680837723678554 ], [ 88.346758155876699, 21.744230638228476 ], [ 88.239312054302957, 21.817741986155401 ], [ 88.139983300287952, 21.900678287511045 ], [ 88.04972587559368, 21.992255675324657 ], [ 87.969412713746024, 22.091606950255212 ], [ 87.899827272256999, 22.19778942339423 ], [ 87.841655747501491, 22.309793486227814 ], [ 87.795480004530617, 22.426551841729246 ], [ 87.76177129465367, 22.546949325795381 ], [ 87.740884834350638, 22.669833243561047 ], [ 87.733055319690592, 22.794024140336738 ] ] ] } },
{ "type": "Feature", "properties": { "storm_name": "REMAL", "segment_id": 32, "time_start": "2024-05-27 06:00:00", "time_end": "2024-05-27 09:00:00", "wind_kts": 42.5, "pressure_mb": 982.0, "core_radius_km": 0.0, "moderate_radius_km": 134.2, "outer_radius_km": 260.8 }, "geometry": { "type": "Polygon", "coordinates": [ [ [ 88.131844361994396, 23.918862265462153 ], [ 88.423823761409864, 24.203790875821539 ], [ 88.524477464474685, 24.278728095231951 ], [ 88.6327678533073, 24.344177578538563 ], [ 88.747636369610518, 24.399494346649409 ], [ 88.867954745936913, 24.444132914346891 ], [ 88.992536736861979, 24.47765312076039 ], [ 89.120150663007237, 24.49972484300325 ], [ 89.249532598639973, 24.510131522207001 ], [ 89.379400015943489, 24.508772448774955 ], [ 89.508465686338297, 24.495663773060308 ], [ 89.635451632149298, 24.470938228212678 ], [ 89.759102920861665, 24.434843572917249 ], [ 89.878201099256501, 24.387739782422642 ], [ 89.991577075589319, 24.330095035885503 ], [ 90.09812327407063, 24.262480565982639 ], [ 90.196804906356121, 24.185564452397163 ], [ 90.286670228474193, 24.100104453753257 ], [ 90.366859677411796, 24.006939982600997 ], [ 90.436613808211789, 23.906983335052708 ], [ 90.495279978723445, 23.801210290727628 ], [ 90.542317754042841, 23.690650200001148 ], [ 90.577303025312972, 23.576375674528222 ], [ 90.599930857290985, 23.459491994051756 ], [ 90.610017095539547, 23.341126338098277 ], [ 90.60749877711639, 23.222416945792034 ], [ 90.592433398298425, 23.104502301147807 ], [ 90.564997099455582, 22.988510435233255 ], [ 90.525481831096982, 22.875548430843654 ], [ 90.474291566863855, 22.766692210030882 ], [ 90.411937629395268, 22.662976680093692 ], [ 90.339033194105667, 22.565386309490915 ], [ 90.05636539242326, 22.276046802176051 ], [ 89.964823893289164, 22.193270956671636 ], [ 89.865111877930914, 22.119176170434933 ], [ 89.7581787840749, 22.05446335711741 ], [ 89.645038375933865, 21.999744592430343 ], [ 89.52675961444902, 21.955537566958927 ], [ 89.404457133400328, 21.922260876420598 ], [ 89.279281385522253, 21.900230190898387 ], [ 89.152408524689264, 21.88965533842704 ], [ 89.025030092217392, 21.890638331365384 ], [ 88.898342577169458, 21.903172356337567 ], [ 88.773536922090898, 21.927141740310883 ], [ 88.651788046717186, 21.962322896783864 ], [ 88.534244462826621, 22.008386247296947 ], [ 88.422018053564727, 22.064899104766116 ], [ 88.316174090303718, 22.13132949668282 ], [ 88.21772155953488, 22.207050898191259 ], [ 88.127603871571239, 22.291347837574264 ], [ 88.046690022122263, 22.383422329817169 ], [ 87.975766277236431, 22.48240108768243 ], [ 87.915528451801549, 22.587343454062037 ], [ 87.866574851791881, 22.69724999417291 ], [ 87.829399950718354, 22.811071681279337 ], [ 87.804388871142649, 22.927719604900766 ], [ 87.791812742421214, 23.046075125731097 ], [ 87.791825005717698, 23.165000396620425 ], [ 87.804458736344458, 23.28334916386089 ], [ 87.829625051186383, 23.399977757653758 ], [ 87.867112664816702, 23.513756175072924 ], [ 87.916588651448265, 23.623579153232054 ], [ 87.977600460645533, 23.728377124947851 ], [ 88.049579222440528, 23.827126944295312 ], [ 88.131844361994396, 23.918862265462153 ] ] ] } },
{ "type": "Feature", "properties": { "storm_name": "REMAL", "segment_id": 33, "time_start": "2024-05-27 09:00:00", "time_end": "2024-05-27 12:00:00", "wind_kts": 37.5, "pressure_mb": 984.0, "core_radius_km": 0.0, "moderate_radius_km": 126.0, "outer_radius_km": 244.9 }, "geometry": { "type": "Polygon", "coordinates": [ [ [ 88.688440484619136, 24.369890090391483 ], [ 88.775034940464124, 24.448502537940445 ], [ 88.869732138634774, 24.518900672485323 ], [ 88.97161192635788, 24.580392414762514 ], [ 89.079678824872218, 24.632372645086154 ], [ 89.19287214569799, 24.674329599122132 ], [ 89.310076988452707, 24.705850297823929 ], [ 89.43013598296443, 24.726624933569319 ], [ 89.551861619412804, 24.736450148631576 ], [ 89.674048994771823, 24.735231158198456 ], [ 89.79548879274229, 24.722982687762773 ], [ 89.914980308245262, 24.699828713294178 ], [ 90.031344326738306, 24.666001011545287 ], [ 90.143435673163424, 24.621836546498248 ], [ 90.250155255000394, 24.567773735689691 ], [ 90.350461438162739, 24.504347656386262 ], [ 90.443380612591184, 24.432184265835279 ], [ 90.528016825441895, 24.351993721720135 ], [ 90.60356038270622, 24.264562898281156 ], [ 90.669295343869763, 24.170747200237567 ], [ 90.724605857798224, 24.071461780724693 ], [ 90.768981310508039, 23.967672271127533 ], [ 90.802020276076661, 23.860385130237155 ], [ 90.823433280100076, 23.750637717944787 ], [ 90.833044400449481, 23.639488195124862 ], [ 90.830791742458587, 23.528005346861718 ], [ 90.816726835127838, 23.417258421138428 ], [ 90.791013001663046, 23.308307069881536 ], [ 90.753922762009424, 23.202191474123545 ], [ 90.705834327417278, 23.099922730208444 ], [ 90.6472272479525, 23.002473569540978 ], [ 90.578677273717048, 22.910769480400287 ], [ 90.200979478457228, 22.527396441030692 ], [ 90.114982522680563, 22.449522197473637 ], [ 90.021278455958424, 22.379792331352633 ], [ 89.920759974030148, 22.318867025563002 ], [ 89.814380703675994, 22.267323040530361 ], [ 89.703146586874183, 22.225648476153609 ], [ 89.588106887371751, 22.194238322741615 ], [ 89.470344881268204, 22.173390839769379 ], [ 89.350968294860834, 22.16330479547393 ], [ 89.231099554707853, 22.164077593833188 ], [ 89.111865916476589, 22.175704308387889 ], [ 88.994389540524224, 22.198077634793698 ], [ 88.879777583208224, 22.230988766078035 ], [ 88.769112373590758, 22.274129186496939 ], [ 88.663441745480242, 22.327093371822759 ], [ 88.563769594687997, 22.389382376011937 ], [ 88.47104673104991, 22.46040827664994 ], [ 88.38616209428109, 22.539499444454929 ], [ 88.309934402210061, 22.625906595504777 ], [ 88.243104299483704, 22.718809578746718 ], [ 88.186327074514651, 22.817324845718616 ], [ 88.140166012279465, 22.920513544179013 ], [ 88.105086450518669, 23.027390172401908 ], [ 88.081450606811615, 23.136931726118508 ], [ 88.069513243687666, 23.248087265363431 ], [ 88.069418238102386, 23.359787823706963 ], [ 88.081196119894656, 23.470956577471931 ], [ 88.104762640848307, 23.580519187538922 ], [ 88.139918431292941, 23.687414221304032 ], [ 88.186349794394886, 23.790603557407543 ], [ 88.243630679075054, 23.889082671213675 ], [ 88.311225860609071, 23.981890694970446 ], [ 88.688440484619136, 24.369890090391483 ] ] ] } },
{ "type": "Feature", "properties": { "storm_name": "REMAL", "segment_id": 34, "time_start": "2024-05-27 12:00:00", "time_end": "2024-05-27 15:00:00", "wind_kts": 34.0, "pressure_mb": 985.5, "core_radius_km": 0.0, "moderate_radius_km": 120.0, "outer_radius_km": 233.2 }, "geometry": { "type": "Polygon", "coordinates": [ [ [ 89.629953881021152, 24.793298931333752 ], [ 89.738866434823493, 24.830834854413109 ], [ 89.851331608780654, 24.858358231200754 ], [ 89.966239215794616, 24.875599342964655 ], [ 90.082453506846548, 24.882390270320968 ], [ 90.198825326000716, 24.878666611474376 ], [ 90.314204436159727, 24.864468075255662 ], [ 90.427451838789963, 24.839937943311039 ], [ 90.537451911507631, 24.805321413289018 ], [ 90.643124192896607, 24.760962851923871 ], [ 90.743434653931331, 24.707302002977404 ], [ 90.837406309386779, 24.644869209578637 ], [ 90.924129039918853, 24.574279723186933 ], [ 91.002768515239097, 24.496227181901769 ], [ 91.072574130060033, 24.411476348980688 ], [ 91.132885886300329, 24.320855208160584 ], [ 91.183140176522812, 24.225246515784448 ], [ 91.222874443933534, 24.125578911003014 ], [ 91.251730712849564, 24.022817684718117 ], [ 91.269457999868408, 23.917955305796404 ], [ 91.275913629749951, 23.812001799770727 ], [ 91.27106349114014, 23.70597507113121 ], [ 91.254981275781901, 23.600891255731998 ], [ 91.227846750967601, 23.497755185105767 ], [ 91.189943118996695, 23.397551039823551 ], [ 91.141653519689427, 23.301233264632643 ], [ 91.083456732988353, 23.209717814041745 ], [ 91.015922138770279, 23.1238737933202 ], [ 90.939703990580043, 23.044515556491742 ], [ 90.855535059421726, 22.972395319733458 ], [ 90.764219703267884, 22.908196345500262 ], [ 90.666626417764249, 22.852526749527701 ], [ 90.067050389769818, 22.607049003252381 ], [ 89.959975324919199, 22.569566918564206 ], [ 89.849498683441851, 22.54193092589875 ], [ 89.736661061490281, 22.524403890553593 ], [ 89.622524379287469, 22.517153429807323 ], [ 89.508162519095833, 22.520250316310705 ], [ 89.394651860148485, 22.533667748583902 ], [ 89.283061775930491, 22.557281498469372 ], [ 89.174445160171388, 22.590870937931001 ], [ 89.069829048566504, 22.634120939994311 ], [ 88.970205403580422, 22.686624641045121 ], [ 88.876522129739698, 22.747887044287445 ], [ 88.789674386657481, 22.817329437027762 ], [ 88.710496266735717, 22.894294587689359 ], [ 88.639752904143933, 22.978052682117358 ], [ 88.578133081347445, 23.067807952819699 ], [ 88.526242399189954, 23.162705949270347 ], [ 88.484597076311331, 23.261841392214659 ], [ 88.453618443430557, 23.364266549976843 ], [ 88.433628197601948, 23.469000069981341 ], [ 88.424844480750394, 23.575036193975897 ], [ 88.427378845332115, 23.681354280719827 ], [ 88.441234167526389, 23.786928555150176 ], [ 88.466303564585743, 23.890737998285413 ], [ 88.502370367502436, 23.991776287455881 ], [ 88.549109192659898, 24.089061692010208 ], [ 88.606088146372826, 24.181646825645924 ], [ 88.672772184017376, 24.268628153214337 ], [ 88.748527630790846, 24.34915514755345 ], [ 88.832627854149578, 24.422438990928896 ], [ 88.924260058960186, 24.487760716323461 ], [ 89.022533155846389, 24.544478686392896 ], [ 89.629953881021152, 24.793298931333752 ] ] ] } },
{ "type": "Feature", "properties": { "storm_name": "REMAL", "segment_id": 35, "time_start": "2024-05-27 15:00:00", "time_end": "2024-05-27 18:00:00", "wind_kts": 31.5, "pressure_mb": 986.5, "core_radius_km": 0.0, "moderate_radius_km": 0.0, "outer_radius_km": 224.5 }, "geometry": { "type": "Polygon", "coordinates": [ [ [ 89.091082594491695, 25.665530593032091 ], [ 89.266848594514286, 25.784631764703388 ], [ 89.454976548092688, 25.887294895666027 ], [ 89.653597190331311, 25.972489100331796 ], [ 89.860721249701143, 26.039358736483987 ], [ 90.07426173409246, 26.087233410594468 ], [ 90.292057978201228, 26.115635812582205 ], [ 90.511901032742998, 26.12428721822037 ], [ 90.731559921487829, 26.113110545581055 ], [ 90.948808256199385, 26.082230906017529 ], [ 91.161450684964095, 26.031973647542806 ], [ 91.367348657280147, 25.962859946092383 ], [ 91.564445019127959, 25.87560005503347 ], [ 91.750787000919473, 25.771084372585754 ], [ 91.924547227166528, 25.650372528173616 ], [ 92.084042454307792, 25.51468072038379 ], [ 92.227749827177504, 25.365367560151757 ], [ 92.354320529753494, 25.20391868282702 ], [ 92.462590787096175, 25.031930392415813 ], [ 92.551590248519062, 24.851092591775256 ], [ 92.620547843760576, 24.66317123555795 ], [ 92.668895252159544, 24.469990520337205 ], [ 92.696268158674329, 24.273415000786898 ], [ 92.702505490242487, 24.0753317942143 ], [ 92.687646832620942, 23.87763301012329 ], [ 92.651928223381375, 23.682198518466926 ], [ 92.595776503555669, 23.490879151069795 ], [ 92.519802391175418, 23.305480416135339 ], [ 92.424792417291883, 23.127746796103359 ], [ 92.311699841493009, 22.95934669424031 ], [ 92.181634641624186, 22.801858094685876 ], [ 92.035852653110666, 22.656755003377882 ], [ 91.875743918216685, 22.525394742237463 ], [ 91.47849109336525, 22.22862547436349 ], [ 91.306232132713575, 22.111691607409668 ], [ 91.122743289407296, 22.010802335887078 ], [ 90.929736396580154, 21.92690361589797 ], [ 90.72900433379327, 21.860783896936884 ], [ 90.522406103650241, 21.813066918320686 ], [ 90.311851432778184, 21.78420588573945 ], [ 90.099284977533173, 21.774479103084829 ], [ 89.886670224970331, 21.78398712216568 ], [ 89.675973188361525, 21.812651457329338 ], [ 89.46914600302479, 21.860214894136753 ], [ 89.268110531937978, 21.926243402036647 ], [ 89.074742091390661, 22.010129641485548 ], [ 88.890853404996477, 22.111098037199611 ], [ 88.718178890297267, 22.228211372127468 ], [ 88.558359376785504, 22.360378842041463 ], [ 88.412927348496027, 22.506365498834214 ], [ 88.283292799513632, 22.66480300185329 ], [ 88.170729787926049, 22.834201590756575 ], [ 88.076363773887792, 23.012963189965379 ], [ 88.001159831246852, 23.199395553098238 ], [ 87.945911829944464, 23.391727354851621 ], [ 87.911232697990329, 23.588124136603771 ], [ 87.897545886594898, 23.786705009491119 ], [ 87.905078178831147, 23.98556001387492 ], [ 87.933853999331475, 24.182768026214099 ], [ 87.983691397904636, 24.376415092926589 ], [ 88.05419989119342, 24.564613055772945 ], [ 88.144780351064682, 24.745518314987905 ], [ 88.254627123892959, 24.917350555626513 ], [ 88.382732549156657, 25.078411240628803 ], [ 88.527894017271791, 25.227101652564976 ], [ 88.688723664621378, 25.361940246797545 ], [ 89.091082594491695, 25.665530593032091 ] ] ] } },
{ "type": "Feature", "properties": { "storm_name": "REMAL", "segment_id": 36, "time_start": "2024-05-27 18:00:00", "time_end": "2024-05-27 21:00:00", "wind_kts": 27.5, "pressure_mb": 989.0, "core_radius_km": 0.0, "moderate_radius_km": 0.0, "outer_radius_km": 209.8 }, "geometry": { "type": "Polygon", "coordinates": [ [ [ 89.574402001879832, 25.827496388596643 ], [ 89.745530940495996, 25.930094978520714 ], [ 89.927212242754464, 26.016781152705633 ], [ 90.117635151323654, 26.086687145944801 ], [ 90.314889839345625, 26.139113958198521 ], [ 90.516988981097839, 26.173539393412032 ], [ 90.721890675947748, 26.189624013711079 ], [ 90.927522321343304, 26.187214892273367 ], [ 91.131804993533493, 26.166347093700963 ], [ 91.332677874907972, 26.127242859854007 ], [ 91.528122265775508, 26.070308529452824 ], [ 91.716184736212355, 25.996129268794526 ], [ 91.894999009087073, 25.905461736227032 ], [ 92.062806216049637, 25.799224842425367 ], [ 92.217973230698874, 25.67848880032075 ], [ 92.35900885318604, 25.54446268161217 ], [ 92.48457769375544, 25.398480710649533 ], [ 92.593511674848159, 25.241987531265487 ], [ 92.684819138520766, 25.076522678585022 ], [ 92.757691604894077, 24.903704477181758 ], [ 92.811508275874445, 24.725213570754828 ], [ 92.845838415181262, 24.542776268551709 ], [ 92.860441760430774, 24.358147871889489 ], [ 92.855267136185134, 24.173096122068085 ], [ 92.830449439716276, 23.989384890248871 ], [ 92.78630516551101, 23.808758211711908 ], [ 92.723326622340934, 23.632924752164616 ], [ 92.642174980249493, 23.463542782922264 ], [ 92.543672266233372, 23.302205734902451 ], [ 92.428792408688594, 23.150428398200834 ], [ 92.298651413520943, 23.009633833972256 ], [ 92.154496740472226, 22.881141067625709 ], [ 91.997695937551171, 22.766153635996233 ], [ 91.700140575356983, 22.568189606865257 ], [ 91.532595244958216, 22.467392055676171 ], [ 91.35542218108742, 22.382109270690179 ], [ 91.170271977890678, 22.313142899277025 ], [ 90.978863701208979, 22.261143287172846 ], [ 90.782970559892121, 22.226603468746244 ], [ 90.584405173723724, 22.209854487289761 ], [ 90.38500451824963, 22.211062106722729 ], [ 90.186614634671784, 22.23022496363998 ], [ 89.991075199455693, 22.267174193956976 ], [ 89.800204052863691, 22.321574552180575 ], [ 89.615781787994663, 22.392927024380644 ], [ 89.439536502107117, 22.480572919092339 ], [ 89.273128810332551, 22.583699404436995 ], [ 89.118137218910221, 22.701346445386154 ], [ 88.976043951540419, 22.832415082801887 ], [ 88.848221319229708, 22.97567698592777 ], [ 88.735918721963543, 23.129785202386792 ], [ 88.640250370492438, 23.293286024215458 ], [ 88.562183819066377, 23.464631884545188 ], [ 88.502529405435581, 23.642195196562433 ], [ 88.461930702836568, 23.824283043545602 ], [ 88.440856099577147, 24.009152625253297 ], [ 88.439591634371439, 24.195027360933839 ], [ 88.458235228490878, 24.380113542083244 ], [ 88.496692467457478, 24.562617418358737 ], [ 88.554674093510954, 24.740762587609769 ], [ 88.63169537338878, 24.912807546009866 ], [ 88.727077502049582, 25.077063237323163 ], [ 88.839951190048495, 25.231910422340171 ], [ 88.969262558959443, 25.375816671716919 ], [ 89.11378143477836, 25.507352769344237 ], [ 89.272112083667025, 25.625208300597926 ], [ 89.574402001879832, 25.827496388596643 ] ] ] } },
{ "type": "Feature", "properties": { "storm_name": "REMAL", "segment_id": 37, "time_start": "2024-05-27 21:00:00", "time_end": "2024-05-28 00:00:00", "wind_kts": 22.5, "pressure_mb": 991.0, "core_radius_km": 0.0, "moderate_radius_km": 0.0, "outer_radius_km": 0.0 }, "geometry": { "type": "Polygon", "coordinates": [ [ [ 90.984127738808141, 24.645823434119613 ], [ 91.035437799886338, 24.670311631705889 ], [ 91.092326070697013, 24.680111553725759 ], [ 91.149872944040013, 24.674378289680067 ], [ 91.219073483280084, 24.643622200479928 ], [ 91.259521968177054, 24.605807261348609 ], [ 91.291599748747331, 24.541902567482385 ], [ 91.294488666064083, 24.471637081500397 ], [ 91.27709150103928, 24.421206141316606 ], [ 91.25688865967787, 24.39110830784287 ], [ 91.2156165480406, 24.354120508211878 ], [ 90.89972907757047, 24.144618970139142 ], [ 90.864780439637698, 24.129766739054748 ], [ 90.808150381975153, 24.11984707782684 ], [ 90.750816606779082, 24.125420521382576 ], [ 90.71464220371945, 24.137562791762132 ], [ 90.653355814194427, 24.179854695199939 ], [ 90.61433576645473, 24.240438028907615 ], [ 90.603549845170093, 24.310105074826733 ], [ 90.622686117020663, 24.378250243669328 ], [ 90.66886912072961, 24.434484146706634 ], [ 90.984127738808141, 24.645823434119613 ] ] ] } },
{ "type": "Feature", "properties": { "storm_name": "REMAL", "segment_id": 38, "time_start": "2024-05-28 00:00:00", "time_end": "2024-05-28 03:00:00", "wind_kts": 20.0, "pressure_mb": 991.5, "core_radius_km": 0.0, "moderate_radius_km": 0.0, "outer_radius_km": 0.0 }, "geometry": { "type": "Polygon", "coordinates": [ [ [ 91.405541455368621, 24.858196512125176 ], [ 91.479096296665929, 24.879154272532922 ], [ 91.537003783541437, 24.876966464449197 ], [ 91.608394804667412, 24.850537958415739 ], [ 91.651582085429254, 24.815306302908038 ], [ 91.688321836889486, 24.753542673884247 ], [ 91.69718726062699, 24.701306525212729 ], [ 91.682682770939721, 24.632285246684862 ], [ 91.653297649126444, 24.586758486034608 ], [ 91.594242988499488, 24.541775570018576 ], [ 91.159213037284687, 24.328103258515029 ], [ 91.121478750729807, 24.320827637665026 ], [ 91.063793327935798, 24.322821217999874 ], [ 91.026759793408843, 24.332681958298203 ], [ 90.976878885695626, 24.359331786071198 ], [ 90.927427585567557, 24.413151690286991 ], [ 90.90420193779488, 24.480204824353002 ], [ 90.910779582044739, 24.550290269120556 ], [ 90.946204222837437, 24.612728756647741 ], [ 91.005104699203514, 24.657993795733436 ], [ 91.405541455368621, 24.858196512125176 ] ] ] } },
{ "type": "Feature", "properties": { "storm_name": "REMAL", "segment_id": 39, "time_start": "2024-05-28 03:00:00", "time_end": "2024-05-28 06:00:00", "wind_kts": 20.0, "pressure_mb": 992.5, "core_radius_km": 0.0, "moderate_radius_km": 0.0, "outer_radius_km": 0.0 }, "geometry": { "type": "Polygon", "coordinates": [ [ [ 91.636763932407419, 25.201814854549426 ], [ 91.67627426592702, 25.240575947089603 ], [ 91.744853716384711, 25.272970414571621 ], [ 91.821854188859731, 25.278992287306714 ], [ 91.878046611350157, 25.265492783623021 ], [ 91.927486867660392, 25.237727877385005 ], [ 91.975666121812893, 25.182819944389244 ], [ 91.994472681859435, 25.132829881141241 ], [ 91.993415161195855, 25.062582790255075 ], [ 91.962947274717308, 24.998043981967793 ], [ 91.65110457025321, 24.584323624330992 ], [ 91.623517808801068, 24.559613514026157 ], [ 91.573647317870282, 24.532892198146882 ], [ 91.517454911971356, 24.520541334523905 ], [ 91.45976007506404, 24.523623027112961 ], [ 91.389015736528449, 24.551096806641983 ], [ 91.335107175420646, 24.601227631352767 ], [ 91.306249314637412, 24.666404551837523 ], [ 91.306874187208905, 24.736715084399258 ], [ 91.336933858238751, 24.801448286807119 ], [ 91.636763932407419, 25.201814854549426 ] ] ] } }
]
}
